0,0
4.56836593,-7.545578334
5.740883714,-16.52106226
2.634408789,-8.377156322
10.95070011,-11.44730029
9.14438019,-11.83865867
9.898980416,-10.00659292
10.08189181,-12.40530797
7.339416784,-12.77832579
5.334039453,-7.381350597
13.09366092,-5.673146697
14.04259639,-5.673342777
9.347408023,-7.258338435
12.03423616,-12.06987621
9.45798032,-7.429210681
13.818064,-5.564149903
0.8408599332,-6.09114065
12.57889725,-6.573912528
9.637534835,-7.078487465
12.96089522,-5.033444846
14.01287171,-3.078615584
7.741950402,-12.64118095
13.85857892,-4.985217814
11.07301724,-10.42248311
9.3329802,-12.05481273
13.95399854,-2.537197767
1.182876353,-3.689764956
9.689450512,-7.143069119
15.3548962,-5.736246692
10.9333235,-12.17587494
-1.395032506,-4.096846045
0.494844456,-6.212852929
7.308498386,-11.0112544
2.643453558,-8.034955007
0.3929737194,-6.133233757
14.03888348,-3.218705357
11.61519403,-7.074983612
12.69886956,-5.293208436
11.55914211,-8.560272435
13.72624158,-4.745190058
10.17220459,-10.12442526
3.232716151,-8.265218434
13.84890585,-5.503603253
8.261142549,-12.56956844
14.12532796,-0.8816318475
6.747782091,-8.293819208
2.348421606,-8.173331653
11.25718383,-15.20323485
1.941638862,-8.511120385
11.17697554,-15.73526555
11.13897018,-11.1533395
14.2016066,-1.13138721
9.874180547,-6.294122273
13.87274753,-7.21749111
9.88555916,-10.83959775
4.197730753,-5.253707467
3.881422445,-6.885075474
-1.744845057,-7.393677129
0.8734880948,-5.827393713
-0.2499971533,-6.604499496
11.11151139,-11.92143441
14.15986134,-3.593383037
4.176196099,-6.543135095
10.68420436,-5.345019036
15.73529237,-6.092715752
14.47647375,-3.791244766
6.715380778,-7.565689767
2.4538493,-8.217418068
10.39736139,-6.081209533
6.598873789,-9.467640915
9.047108286,-11.817313
7.283167542,-7.929775511
1.0138799,-5.104257718
11.03383044,-15.75569897
11.35970532,-15.92119527
10.3252226,-12.24899049
11.47954197,-7.448121965
9.260799542,-12.78545753
10.65752392,-13.338245
1.461450039,-4.696751168
12.38318372,-12.68788135
7.022891123,-7.942468223
9.281361028,-12.1292104
1.079458361,-7.541347958
11.21791435,-15.65646565
7.421920678,-10.42325218
10.32981302,-12.68952193
4.0122053,-6.59752218
13.10044321,-5.755042589
0.7350586999,-6.300211802
11.56110731,-7.803647443
10.69898378,-13.12117311
10.58004946,-12.88009479
13.37650204,-6.105005797
11.28978089,-14.87309602
1.113736367,-7.662136082
6.530406447,-9.59092993
14.26082061,-0.4290005847
6.996370678,-14.29956254
12.47409455,-5.373275826
0.2451278646,-5.089803038
6.487517451,-7.459520818
5.840292885,-7.787279492
1.279403017,-4.340289953
10.42128885,-10.44236639
11.37889175,-14.83830089
2.608243852,-7.493292362
10.38201099,-7.402426637
13.82430192,-5.266820071
13.54018803,-5.949694735
6.775804658,-13.62462079
3.923768645,-6.17899914
6.035014098,-8.060001246
9.666091026,-7.221840903
8.91259527,-8.61947712
11.51395069,-16.02058061
0.9901962616,-6.530729411
-0.2235436705,-7.324462774
7.183015995,-8.300132724
4.131983001,-5.874208736
5.970400447,-7.459519773
7.387652431,-11.39214959
10.52446602,-5.544375055
7.259856227,-8.405853481
11.97311919,-16.60200944
6.708618949,-8.034310316
6.512761949,-9.313591087
0.6537538407,-5.230087948
11.61654285,-7.1653343
11.15498222,-10.64422474
10.37078446,-12.53497422
11.75712089,-10.32480042
18.05051924,-4.491630811
-1.378907852,-4.019744247
5.172771395,-7.07219312
10.81895737,-13.53515496
1.043342505,-7.178072224
1.137110016,-3.089054822
11.72914086,-15.97594923
8.742080685,-12.84883564
2.272586282,-7.949003156
9.537818488,-9.990457071
5.873167419,-15.99781006
14.25264309,-6.067630126
6.363623827,-9.032222765
13.82850364,-7.090548906
5.838722734,-8.343792468
3.726041006,-4.812178581
6.579609704,-10.90290501
4.581967503,-7.436115841
1.249592947,-3.642376875
6.879639951,-10.61765155
5.975451288,-9.633517073
11.06652079,-11.43729676
3.287989523,-7.19405573
6.472507518,-14.92185601
6.673580398,-8.088326274
5.213718671,-7.858593806
13.90746464,-5.525790652
3.32181053,-7.492104194
7.711875294,-12.40080311
7.435040034,-10.80594699
13.16428461,-13.30362367
14.61799527,-6.052835377
14.06579656,-5.673830803
1.099847693,-4.94133054
14.69806849,-6.153745673
12.81706399,-6.328070823
3.593616735,-6.907875189
8.215259952,-7.161451046
5.770422882,-8.404723419
4.816482266,-7.467730495
1.242569284,-2.227944572
1.696611822,-4.688034227
7.677622306,-12.53604367
6.876399995,-7.383293455
6.06959227,-7.52144874
5.916196092,-16.2464626
12.31433683,-6.65757141
14.64874688,-6.255559815
10.65881667,-5.723101091
10.53925838,-7.339641671
2.626367655,-7.360234665
12.65384386,-6.777634652
10.64637467,-10.44951025
5.233045396,-7.578763451
16.12121613,-15.1944331
13.82837289,-13.59432722
2.375994995,-7.087710886
9.552491745,-11.86814495
11.01503515,-7.277686548
6.649567254,-14.38331673
10.04365954,-7.04869678
1.2802165,-2.099690229
9.324690188,-12.38203511
8.651485983,-11.96471783
-0.8614396917,-6.92292152
14.74141568,-14.27280766
11.56188268,-7.457840971
13.38916213,-5.645637523
5.901440395,-8.217333456
9.947109924,-6.965798466
13.87597193,-5.000763391
6.736316419,-14.30858931
6.505367868,-9.598935588
11.24699689,-15.08130689
0.2067635859,-5.022126849
3.248864472,-7.145724305
11.35314126,-16.00848845
2.34904818,-8.207306881
2.753823156,-7.72384365
14.79267394,-14.15932165
0.7190846504,-6.230324603
2.484400474,-8.216854641
11.79797266,-6.994158223
10.34456419,-10.20781673
6.500471452,-7.484918059
10.64973343,-9.856458792
12.55552305,-4.854820661
11.14798342,-7.304497701
0.8847077153,-6.464881986
17.92288743,-4.572429166
12.62526557,-5.251895461
11.15694794,-10.90361661
13.66197425,-2.608105727
13.14545219,-13.59125912
5.220193024,-7.322090655
12.88070833,-6.389052557
1.206454104,-1.601165362
3.920399797,-4.876640932
5.540076656,-7.412626225
9.741659594,-9.919785844
10.70103371,-13.42115373
5.787378024,-7.768654069
3.619235518,-6.835746683
10.6923983,-13.25067882
4.24701578,-7.430867807
3.573354226,-4.868479012
6.553924682,-7.425649448
1.151088591,-7.195233472
8.667458369,-8.128525747
4.141139486,-6.611125267
3.423493093,-4.622919566
12.69701637,-6.857520322
7.060771893,-12.97526446
13.62825204,-13.66042471
5.036220669,-7.581630137
2.560740772,-8.129787921
11.66683806,-10.65013058
0.458705402,-4.738388041
6.74694685,-14.8977334
7.319623064,-8.163632559
17.7802444,-5.674206985
9.913204654,-9.948002433
6.460945229,-15.4388432
15.23162559,-5.715175731
7.465814513,-8.026515581
8.806317482,-7.666371197
12.57857998,-12.62485099
7.216713928,-10.97664451
0.9446054024,-5.262565661
11.82899519,-16.04208754
10.59252269,-12.95089186
6.695828544,-10.29494528
7.218047198,-8.393913426
6.581893275,-9.751960677
-1.727420119,-7.465668314
10.44946815,-12.81479481
12.28666131,-5.106867885
2.153465045,-7.047415188
8.435353169,-7.319095368
1.139653275,-2.276160666
7.729922594,-12.70595103
3.939766528,-5.279786275
9.907166785,-10.94832391
10.16091574,-6.891993157
13.09562851,-5.424371288
13.75652577,-5.166402429
13.53509802,-5.864480317
8.653253777,-6.984629013
7.055718977,-13.06819029
4.454453833,-7.67385795
11.40859894,-8.677566548
11.47753392,-9.06191021
7.175465215,-13.92128133
2.501132179,-7.638336932
10.04178285,-10.57682921
1.395194638,-4.11952949
7.396339117,-11.06468694
11.21920241,-10.71710299
10.66107253,-12.2362974
14.63145165,-13.66828035
14.63524018,-13.81789219
1.090033016,-7.396309353
3.032519091,-8.483525067
-1.636056595,-7.266172656
7.822244599,-12.46528849
-0.9103947334,-6.968923757
10.21053922,-12.30720048
10.91592617,-13.68508447
6.835399428,-8.036300243
2.47163473,-7.599166495
5.814502054,-16.73778782
11.54900206,-10.37719397
9.497025765,-12.45900861
4.287249437,-6.423703336
10.61987402,-10.64769201
11.01077437,-13.71972724
0.7815139614,-6.399376447
10.94439604,-11.67232501
2.672449347,-7.754599509
9.716857652,-7.02001747
13.365747,-6.257044332
11.0911944,-16.08951845
5.959992091,-7.685961984
-0.151196185,-5.316989092
2.839149219,-8.438898003
1.113051629,-3.489630522
9.552131537,-11.94064892
-0.8103476687,-4.364785041
0.8266731591,-6.402404625
8.606915476,-7.824324257
11.45389784,-10.47747809
1.138143504,-4.99302132
10.41012936,-12.73166483
5.513020717,-7.235200534
0.4355190221,-5.558264046
11.9718214,-7.113738305
11.64586492,-8.760689058
3.980150214,-6.932496909
9.326313469,-12.53429044
13.99860301,-2.963537899
1.844617298,-7.004971359
17.00490476,-5.867277989
11.04957489,-12.32862776
11.56234107,-10.50326596
14.35958351,-0.6899441138
0.4243543654,-6.007042795
8.723675456,-11.97863363
6.952043978,-10.86167854
10.70846995,-9.561385072
13.90129681,-4.808498734
6.231007548,-15.63627306
0.9992888617,-7.42906875
2.499333108,-8.166641799
0.6925181937,-5.654207055
1.925225761,-7.121099716
5.209341391,-7.729895195
2.602621695,-7.534567983
8.619247082,-7.540042888
7.359916797,-11.67841892
-2.037037059,-7.849544652
10.93652517,-9.223344476
9.845164536,-6.360396718
11.14889277,-13.85520331
5.85536108,-7.999602325
7.128279361,-7.29063329
14.73117353,-13.81644216
6.135110595,-15.48204618
11.65951633,-15.82246704
11.20251354,-13.95331211
13.87802196,-1.499562545
10.95967042,-7.358177151
12.90809288,-5.387409863
-0.007211986879,-4.877083053
11.16970741,-9.193448113
13.93549191,-2.600002674
7.379484186,-8.145651707
0.5970687948,-6.424851053
10.49709242,-9.84157165
2.369195503,-7.88205039
1.200250013,-2.994224561
5.121437552,-7.997227375
15.27191486,-5.74325292
9.242070159,-12.1325854
-0.7169176658,-4.256931287
1.114333674,-1.495833804
13.20406176,-5.985688096
6.462557173,-7.372457832
13.52235031,-5.4825955
3.832856226,-4.803332645
3.724868152,-4.932290255
9.274960526,-12.05979648
6.41287939,-8.894400602
17.00822561,-5.611918327
16.93965577,-5.216236017
10.65807914,-7.437358602
11.25946911,-13.92218339
6.384546362,-7.412247671
4.194884665,-6.985780677
13.20152443,-13.55412123
1.105494471,-7.279109146
5.885561326,-7.556867792
11.46986672,-7.719981629
9.381732873,-12.44172548
11.81520419,-12.2666191
15.9580404,-15.14825403
11.35602976,-10.49135538
7.097290485,-12.90391211
8.954537563,-8.46423826
6.24430076,-9.503015463
12.27123055,-6.7898822
10.01684984,-12.37016323
15.02972002,-5.88491114
5.694727622,-7.193799121
0.7708258311,-6.11701438
11.28198514,-9.022659483
1.605272709,-4.277874806
13.13870536,-5.947322898
6.749982304,-10.27237506
3.598108039,-7.671416003
11.01629131,-5.493091431
2.69945679,-7.521816265
0.6245509761,-4.666590187
15.395388,-5.816067799
10.15742308,-12.40914291
4.042209272,-6.934144573
6.442950044,-7.214627822
9.47053348,-11.81225774
5.910977741,-16.51209654
8.829288043,-11.5950497
13.84177648,-2.667250267
11.21012695,-16.10064069
12.70413784,-5.463261338
4.191035882,-7.320971465
7.275853839,-8.647876568
0.9855716339,-6.833254514
11.02446969,-10.56376669
-1.188235756,-6.999425604
16.44421916,-5.570237103
11.23975106,-13.70086959
7.224574879,-7.736742197
9.584042296,-11.92192989
3.277142643,-7.771339204
17.37611286,-5.749719832
2.574184368,-7.75638525
6.898168567,-13.01269082
12.04547286,-16.88041667
5.315013937,-7.481890158
4.458311119,-7.667224381
10.60542596,-5.563415547
9.873365037,-12.68291185
4.114633365,-5.805937627
11.25255878,-10.80742862
6.894057292,-13.12468063
7.111424526,-13.07121933
7.043619292,-8.276924742
10.45009587,-10.40259201
12.93550644,-6.006604004
6.442102183,-15.31096345
6.914040103,-14.9636146
9.770596343,-12.52757798
13.81158488,-6.997546474
13.01160402,-5.458230727
8.862587314,-11.73873269
10.57449634,-9.574528199
-0.5518851331,-4.628381034
10.56409475,-10.58992064
7.97599885,-7.806867345
10.38993449,-5.779036238
7.614882618,-7.791499821
11.87700958,-8.525601815
5.718690912,-16.97343276
0.5639410675,-4.771925863
15.49598346,-5.765037539
13.55619588,-13.56990248
0.838265365,-6.15122161
4.039094017,-6.810514037
9.431202842,-7.160658456
15.27885779,-14.59565233
15.40650801,-14.62969618
1.383129436,-3.843511762
4.76912511,-7.432487646
8.697200566,-7.047423466
5.308002399,-7.831760923
7.484563725,-12.00100917
14.32905233,-3.431791734
12.92079627,-13.07964536
4.684334672,-7.525262991
5.049033879,-7.472890875
14.55739771,-3.421360565
3.505441649,-7.845916158
15.87354689,-6.097522699
14.41099294,-3.249338317
3.732729361,-4.892940868
5.082628703,-7.046761716
-0.886500468,-3.687989695
12.17760757,-6.850239318
1.254434095,-1.562366638
2.395231435,-8.172468383
12.91780582,-5.265517295
4.053506284,-7.041671387
5.975608276,-8.464791426
0.9716585443,-6.62361071
-1.246666982,-4.047400388
11.22466437,-15.76004126
8.246719931,-7.729159809
7.40522518,-10.53057427
5.338408465,-6.754000465
0.2194189387,-5.149367723
10.83817584,-12.37260291
13.20403705,-5.801329664
1.305364215,-7.430427759
4.098634322,-5.012260772
7.812946711,-12.43468712
13.86333573,-3.228559353
6.354870748,-15.28734026
11.69423014,-7.383776691
14.73852062,-6.162764765
11.28860533,-7.351622383
3.268072991,-7.555435307
11.01141269,-11.5899915
5.924440496,-7.96552029
1.296153073,-6.788807974
6.586756505,-12.95514557
13.79948867,-4.573784971
14.73262385,-13.91239391
11.40913911,-7.516969885
2.465676074,-8.331744539
10.09407889,-7.119699
5.857687547,-7.737861224
1.080177815,-7.866216928
14.2960467,-4.027753597
9.992992283,-10.44350463
13.45435919,-7.044093704
13.29096136,-13.49488515
7.834964865,-12.75659989
6.468282527,-9.345323298
11.69044717,-7.000508281
-1.832116476,-4.021490418
9.358590354,-12.3061362
8.479485503,-12.78361895
10.99443151,-12.26453156
16.73701657,-5.672458825
11.3969039,-10.2859312
6.319674779,-8.542811489
11.03421465,-10.5121426
8.890188145,-11.50146888
1.815785799,-7.077736922
7.51842291,-11.49964027
8.458764825,-7.666368955
17.08819186,-5.337782138
10.64923052,-12.86790627
0.1991698383,-6.403827667
6.516591009,-8.097085207
9.426039023,-12.08891591
14.57560157,-3.44019328
6.068299011,-15.77768124
3.828103456,-8.03117704
11.91482122,-12.28612389
0.8632211488,-5.333930442
10.23682838,-12.48857492
3.947093295,-5.68073289
13.18469795,-5.868972965
11.18288371,-10.53982269
4.826808674,-7.645605575
9.67668623,-6.120914712
12.75622241,-5.187881167
14.71011751,-6.099703813
11.50062703,-12.26869275
12.71054364,-6.730806308
13.94447005,-4.677299518
1.187839717,-2.866991176
10.68618662,-10.43832914
9.731610521,-12.5002165
8.382332184,-7.221144607
1.341168314,-4.209102952
3.794530969,-6.888033405
8.192332298,-12.68925533
10.87221329,-12.16322455
7.223569062,-12.652969
1.022800908,-6.418994478
6.625305246,-14.49541444
8.877425676,-11.59642867
3.543689118,-4.60701673
15.855686,-5.842133567
6.272776948,-9.307652782
11.63517604,-6.944659906
1.29162701,-7.227313146
11.62221421,-8.736784048
9.219690789,-12.85032642
9.927701484,-6.911703946
10.37752008,-7.185121981
2.756231387,-7.610549006
8.880149306,-11.82372782
5.036035783,-7.072701444
7.544025378,-7.8633024
8.313316599,-12.44902937
10.65907892,-7.229550629
7.651062127,-7.885276761
10.77104458,-13.17738476
9.429472788,-7.400823118
9.106336,-7.170541836
7.216407012,-11.90565157
-2.168029348,-7.643745197
-1.980296868,-3.990770157
6.439616246,-8.693289405
14.71425226,-3.28279222
6.440381965,-8.795249985
6.685328603,-8.503622716
11.44433136,-14.21775315
10.24295314,-7.094763485
8.735135639,-8.542930022
10.35344764,-7.302020061
0.8237482352,-6.446023994
3.366722789,-6.688567142
5.82281941,-16.87543632
3.428397383,-7.896701213
12.59436628,-6.705619178
11.10850634,-13.75245872
13.83431551,-4.631991742
4.397816678,-7.577501232
13.06219719,-5.610345264
11.0253542,-11.65494949
13.22755817,-13.39915654
13.88353217,-5.588955201
5.39476862,-6.667903959
6.031964148,-8.211290987
13.62961972,-13.43453192
3.093243738,-4.620974762
13.77421599,-5.080764324
0.9712220941,-7.803857176
10.65890596,-7.511398712
4.220905418,-5.161073475
9.975424762,-12.4314913
0.1671472753,-6.386051465
6.513532455,-7.346457612
7.413608034,-10.44391399
2.485148258,-8.257402356
14.16842181,-13.87995065
1.387897532,-6.773076532
1.514552909,-1.68177289
14.16881543,-5.684038858
1.939523876,-4.462127339
7.410935961,-8.099536023
6.260314415,-9.418498859
11.23760622,-10.57720901
-0.3752175332,-4.855087438
8.34662489,-7.640586663
1.177670447,-4.883674505
12.34465263,-12.96558753
6.423780431,-7.29643327
14.27210931,-6.161121043
10.5759259,-5.718722419
5.274787487,-7.419638951
12.45226008,-12.38228645
6.717308372,-7.483388503
3.191033946,-4.715328448
12.68456902,-12.29867911
3.300437216,-7.674042103
4.288106385,-7.511135334
13.23064552,-6.421695707
5.83733072,-7.613981798
6.76168557,-10.41231223
0.6982370961,-5.548178943
4.120755464,-6.836683679
9.977735221,-12.31445412
7.494580818,-11.44455814
12.95378527,-12.99015099
10.53094402,-9.972183079
7.094141654,-7.360446682
0.7524632073,-5.371824711
3.902525577,-5.356003688
14.75072702,-3.099003439
10.27639761,-10.35856542
14.06988106,-4.041766028
11.15579037,-16.5532153
-0.4867188448,-4.549966137
6.654317547,-10.19534607
7.688598513,-12.13761434
6.90854494,-7.463639242
13.65404788,-5.457000293
3.473295259,-7.96481424
8.580239871,-8.308453834
2.366212415,-8.059249327
13.47643085,-13.55256563
-0.7415154151,-3.757636813
3.407524157,-4.812392642
8.805147275,-12.91992578
13.88657238,-4.953897629
10.16041919,-6.214539647
7.407438312,-7.96448109
6.484086885,-9.356007603
11.6351106,-6.846382361
7.649043791,-7.951842424
-0.5003521921,-7.313808918
5.630242946,-7.088643947
14.17279815,-3.706756006
10.14894196,-10.43611591
18.42563814,-5.452060892
5.152975734,-7.020053376
4.011408955,-6.197176606
3.961763635,-5.886746213
17.53863726,-5.819328644
5.894230251,-8.425239136
14.91419219,-14.19312089
-0.05427085151,-4.945972192
1.49755119,-1.812763802
1.566850294,-1.773065492
14.68777682,-13.66564182
14.38568909,-6.015156893
11.08869382,-8.523375499
18.465467,-5.625591683
12.95689803,-5.412058916
7.291186785,-11.87725759
17.11724536,-5.461735642
9.784740592,-6.333942149
6.837695745,-10.37845392
11.70726489,-12.25707585
12.9649999,-6.176233127
0.7794607476,-0.7036307419
9.979953043,-6.393983626
5.152653011,-7.260320432
18.22112618,-4.200933503
2.64598901,-7.153044915
11.41791372,-7.295432475
2.040599068,-7.121468556
11.89758011,-7.108180076
10.21167702,-10.21432129
7.465994063,-7.964651037
7.350625743,-11.17341582
8.729173878,-7.490304782
8.86868402,-7.212535232
14.1852385,-5.845209627
-0.8286982822,-3.743442351
9.92903238,-6.742042646
13.35938325,-6.603208835
13.8845437,-4.202717318
3.229868971,-7.625348393
13.72411509,-2.398278638
1.076609476,-6.771948064
11.38810397,-7.277804057
-0.611746713,-4.807113076
3.331616429,-6.740629885
14.2020787,-4.076033997
5.321126572,-6.820207099
10.55821087,-12.71092855
8.85410902,-11.91855941
6.786108659,-12.85773484
12.72850956,-5.099733128
7.982763532,-12.75930228
1.764988404,-4.487417832
7.076447818,-13.97793213
10.67034181,-9.957485704
2.350712126,-7.966169617
14.52036886,-14.00252193
0.4860301231,-4.801505305
11.68593601,-7.468360561
11.0327671,-12.1758089
10.67176015,-9.880588677
9.610118267,-6.060370486
12.61056886,-12.69772571
4.99013821,-7.532346798
7.183467196,-12.74347452
5.707727287,-7.018040422
10.21116281,-7.213510896
14.48889972,-3.455927996
8.689880645,-12.19636911
10.58287081,-5.509089649
14.59347604,-13.92718526
5.100022365,-7.09257484
6.642310633,-7.427438246
6.84553276,-11.01101839
5.194778795,-7.938306586
-2.720547679,-8.026818262
4.18560621,-7.038342267
7.074321786,-14.09316918
12.54748258,-6.648852363
13.83924884,-6.794293341
9.839741198,-12.39523265
17.62645568,-4.897980352
6.811910694,-14.26525977
11.50965695,-12.32266237
12.0249119,-12.1696218
9.974318371,-10.15141979
3.951503179,-6.789668718
0.7759287564,-5.515516112
6.441481835,-15.0634626
16.15814548,-5.724130111
4.520589855,-7.482901887
10.75220902,-9.477399691
10.88829153,-10.5251756
10.39304749,-12.22202487
10.2651603,-12.5378887
0.9929678964,-7.979816095
11.49060183,-7.801843359
3.933421827,-5.437519879
14.40708865,-5.935741729
3.346316146,-7.266106981
12.84703085,-5.35657047
13.72257424,-13.37261603
-0.9645921502,-6.9112475
-2.408447586,-7.710048888
11.09471067,-11.36324971
1.194430397,-4.26829196
8.815905152,-7.654161432
10.69705157,-12.90420844
8.358234528,-7.284418506
1.134404358,-4.339135183
13.00392952,-5.566821704
0.3409985446,-4.887893487
4.86399355,-7.554221147
2.678612917,-8.143741528
10.57973943,-5.400256774
10.88726465,-12.37599283
8.682683601,-8.442622628
7.266969203,-8.326156901
13.89295933,-1.756182609
9.549831748,-12.52546342
9.986001351,-6.488492206
1.075991114,-6.323314305
3.376280946,-7.817637154
14.35926105,-5.752493171
11.06705012,-5.290234646
10.00280558,-10.40176126
13.76543373,-2.549891875
10.23212356,-10.38377941
11.09098024,-8.817944662
1.443849225,-4.118074868
10.0839752,-12.323033
8.654250855,-12.81422413
6.739675293,-10.99692805
7.923803705,-12.75587129
7.436346872,-11.83264122
10.71644507,-7.33578249
8.701131871,-12.05770513
14.20731704,-3.830863749
-1.77493587,-7.570923661
17.14105061,-5.653289721
9.242807956,-12.59315783
11.09167886,-8.950255981
1.087864953,-3.316061717
-0.656851085,-4.438536753
-0.3732513186,-4.549917612
13.94188496,-7.113368651
4.248120573,-6.995178167
8.736011384,-11.73185406
13.30757382,-5.65543131
11.80381847,-15.86320243
3.98240176,-5.632250094
0.7845942369,-6.353440321
7.463281464,-11.26389544
-2.586428849,-7.659945967
7.724930354,-12.49485634
11.20674269,-9.056246199
6.976219648,-13.94808822
6.760676907,-13.40326726
9.470293181,-11.860626
9.690608616,-6.60984934
13.38118943,-5.579219948
9.829761035,-6.715558276
9.960875254,-6.819573909
13.53404423,-5.698405359
11.13965125,-11.69028111
7.126063269,-7.826123806
8.574625716,-12.15968464
0.7862272881,-0.8696619754
15.1794231,-5.678796332
0.471602576,-6.346658004
16.28930308,-15.23894211
7.651289298,-11.31519913
1.219820604,-7.679580313
16.95592134,-5.475558085
11.04914782,-12.19985167
6.778157194,-14.8295209
7.593389557,-7.799680561
14.22816159,-3.117577346
-1.551342963,-4.102699384
1.011606049,-6.75129879
0.3945348576,-4.667317883
9.338945898,-12.124264
9.740035304,-12.36259568
14.34960291,-3.927211137
8.688114231,-7.267326463
8.118187804,-12.72600616
0.3111029761,-5.598651181
11.10901483,-16.28268196
11.6093077,-8.57376042
13.6982504,-5.295118337
14.19577575,-0.9923368738
11.06003223,-12.27811153
14.01426876,-3.84261405
8.354688992,-12.52517022
0.9383144433,-6.473533419
11.04323234,-13.63086079
11.10372568,-7.228140806
16.10297487,-5.856759314
1.535824082,-4.201646287
4.188672957,-6.648423543
2.266471746,-7.060243128
7.493594486,-8.009369767
5.586779753,-7.093079771
5.118757877,-7.48110675
7.093001739,-8.01273498
6.441231727,-8.089054918
6.274920781,-9.221013966
10.34423107,-7.437325316
8.76823204,-7.148634684
10.70816657,-12.21113509
7.022812916,-8.012656772
-0.9813937793,-3.592896829
0.6585004105,-4.74500985
10.57688086,-9.92977206
-0.5287517842,-6.868136527
0.3384458706,-5.481026392
10.55859688,-12.21224351
4.208720179,-7.22024943
14.52291611,-3.491119486
11.38017451,-8.816030009
13.8827267,-2.67931701
5.190488257,-7.671436575
17.98934491,-4.421141267
4.091636995,-6.391880848
-0.8213956879,-3.698589568
11.0841203,-15.72262794
18.31852715,-5.659317378
4.788985165,-7.704622491
11.34638781,-8.574153977
9.793112186,-12.26738898
4.294768236,-7.40654327
3.64007347,-7.970501126
6.817469362,-8.104918351
13.86064158,-4.537195367
14.16140511,-0.6827407897
7.369602337,-12.72637961
11.24096694,-7.443206874
10.38634384,-5.699478837
9.738168157,-12.57378306
15.90045127,-5.878053414
12.4300468,-5.364558125
1.031185532,-5.07669229
11.6842791,-6.896064374
-2.083877282,-7.921035696
16.55872842,-5.605164603
7.319750343,-8.304942199
10.3283655,-6.290648698
11.4177215,-7.227720664
1.2327254,-1.804244467
7.100006381,-13.89881273
-0.1123133735,-6.787206479
8.681341125,-12.24109463
9.946307316,-6.511328962
5.946033624,-8.213823195
11.37604116,-14.0070373
3.907751871,-6.256221947
6.97123547,-8.232258429
13.58370947,-6.885276854
10.91028404,-15.57466868
10.12526374,-7.030853508
11.89287064,-15.94564965
8.749775101,-12.03530136
5.620725542,-17.37696958
14.43754613,-6.029130514
14.62350383,-3.357461826
12.93633039,-5.331499573
4.059299226,-6.648059382
9.762888216,-6.64284758
6.225067751,-9.081060122
11.61291234,-12.30538621
6.914600035,-8.046885985
11.40728725,-12.33979034
1.319624548,-3.740972762
0.9325137314,-5.889446639
7.446830307,-10.70137596
8.150213585,-7.761811109
6.037337839,-9.549010926
5.800777576,-7.73058592
10.65327081,-9.382927549
13.8964365,-13.51569331
1.181346059,-4.378909268
0.9983193832,-7.647414318
13.35842396,-6.844704064
14.13739069,-5.667277248
6.318566646,-9.125988891
10.61406175,-9.895831871
8.615990955,-7.15748698
10.31159418,-12.3441574
10.6199963,-5.679491681
1.050813333,-2.414978605
11.08405575,-8.978501107
4.925783692,-7.561996079
13.28432994,-6.637869492
11.18726849,-15.83202167
7.456189427,-11.5265778
1.06225031,-5.182463227
10.07384013,-12.360029
-1.278742554,-7.08165427
9.938622891,-10.9127124
10.22136761,-10.28919167
9.401418207,-12.02741484
4.778150432,-7.519238439
9.984453636,-6.542914997
4.104252605,-7.305734469
13.47233104,-5.698796945
1.841123805,-4.520778618
11.04307714,-11.7704519
10.42449411,-9.945589249
1.0201913,-1.388954687
0.6362168479,-4.970561915
8.366113731,-7.753033969
14.07401504,-3.243230671
13.91805148,-5.656039007
1.102402417,-6.690752496
14.24235282,-5.790183368
5.887004468,-7.893319953
0.8811834335,-5.324158051
5.274824987,-6.808121013
10.25250714,-5.990590978
4.805346202,-7.300583448
5.749566295,-7.134496155
8.546229064,-11.89272359
17.81229298,-4.668408532
11.60931954,-8.040280931
0.5168907889,-6.186564996
9.945039314,-10.27484312
11.32683989,-14.41446923
13.86553834,-13.60691563
16.4482988,-5.967206417
5.829509693,-7.509534319
-2.479611797,-7.855243463
0.8769473551,-5.465413655
14.78175597,-6.05256663
3.510885411,-7.698570221
8.697454553,-7.260110147
13.84413174,-2.151182065
14.26947495,-3.527125671
8.634458349,-7.267461394
1.593617651,-6.875254631
0.1863648533,-5.135101132
8.752504669,-11.88544221
7.470581793,-8.034239618
13.77419567,-7.34881308
9.777060934,-12.51836695
4.234134469,-5.73757332
10.83732362,-10.56975054
15.80819849,-6.026053495
12.6589052,-5.391187472
13.83816369,-2.230246548
7.783644208,-12.78296045
7.90575668,-7.94561131
-0.8790936556,-4.197082313
10.06549524,-10.4922563
4.117673469,-7.026350413
13.85343488,-4.990973176
11.46386895,-7.527743169
9.894600425,-10.26328511
8.427035092,-12.39661443
11.09061585,-12.28444263
10.38917929,-12.75167541
-0.8124506555,-4.258827371
8.890660466,-8.519820794
10.59394226,-12.27839629
10.22545587,-6.185668811
4.009213649,-5.301812686
5.635373373,-7.138913026
5.582347717,-7.049653692
7.782548796,-12.36839576
15.09585744,-14.44363073
11.52436545,-10.44843863
7.602342693,-11.60075044
8.782869457,-11.95137045
10.93299256,-15.71254024
13.7455402,-5.527207014
7.315452162,-8.230477402
-1.379214098,-7.339900757
-2.275665971,-7.684929876
16.88429741,-5.787921961
9.322942736,-11.81350713
3.084788278,-8.415830122
-0.08208687451,-6.628360939
12.24035829,-12.67327193
1.135067578,-3.622456075
7.855377702,-12.70135322
10.2389866,-6.301123471
4.942611545,-7.429188964
11.72438867,-10.28803076
4.242838849,-5.241388836
10.62831712,-12.17499203
-0.1517586066,-6.567216759
3.956688351,-6.019651515
2.745687513,-7.353487219
7.395985493,-11.25721726
16.20196781,-5.798159971
13.8527785,-2.00250093
13.74381259,-4.60709762
6.056289536,-15.46337466
7.404733428,-11.16906433
4.128151626,-6.627677185
18.04466875,-5.737721752
2.799381005,-7.544974818
0.572262644,-6.262839458
2.501113706,-7.855060659
3.572761791,-6.696939165
3.01199055,-4.600929197
3.915775172,-6.071269776
13.75491552,-6.000139014
10.66107416,-12.10262318
-0.2399759327,-4.848740251
7.756670713,-12.34689296
11.41518995,-8.578742703
3.786263681,-5.57005939
-0.07823033535,-6.483433772
8.938425009,-8.37059117
0.7144468112,-6.394879218
2.143729981,-7.133175447
3.260077154,-4.625004597
3.652262987,-6.726416628
11.13997311,-11.64944003
3.638405848,-6.892834928
13.74138476,-2.63150551
7.695144226,-7.868107624
10.48881421,-10.21090543
2.696548428,-7.415682715
10.7417656,-13.26683736
14.24852698,-5.726556123
10.66814946,-10.18843373
5.235811806,-7.803047596
14.22933671,-5.918879799
6.800455683,-12.98460149
13.34661935,-6.547569195
13.70553081,-13.45103111
6.310504398,-9.515559297
11.77823502,-10.67889887
9.777266121,-7.101722708
11.16623377,-12.10896295
7.45358562,-8.096961134
11.82542873,-12.15097403
5.849198642,-16.24430589
6.622024273,-7.951649734
4.124414135,-5.106660733
10.56757495,-10.01185932
11.17994691,-8.821408838
7.841414396,-8.221679518
15.55179259,-14.60109501
-2.36844431,-7.816552695
3.785765019,-8.089042236
0.2868324411,-4.909170896
12.44484783,-5.289773235
8.355020078,-7.10715431
7.160364462,-7.86392874
10.06502558,-10.68105318
-0.9550246184,-7.033060035
-0.8531750748,-7.016239374
15.77675363,-6.138060451
9.877783436,-12.39841067
14.23760288,-6.067040889
8.057661648,-7.805954394
4.568212097,-7.418070408
10.28319022,-12.68335022
15.23409009,-5.797529447
-1.641773063,-3.923496375
7.492165594,-10.45151305
14.31194397,-3.80200891
5.913381901,-15.9407496
11.27417914,-8.678987492
5.915644847,-8.381179044
3.529574253,-6.896962954
14.02537908,-3.954580328
11.09528319,-10.52367038
9.149379175,-7.262838139
10.07680385,-6.250117542
11.15613422,-8.780249711
12.49744706,-4.67659125
3.230789738,-7.240359858
2.618947897,-8.319612206
7.778784938,-7.85813203
13.39893337,-13.53572164
6.676521301,-14.86551048
10.95378635,-5.255942296
11.68400224,-8.708395273
11.61903474,-8.906759839
2.495041344,-7.804132828
1.00707648,-6.840085838
4.061402698,-6.862267896
13.00328421,-5.230437567
-1.961643115,-7.466137113
17.13289054,-5.745552685
14.94747845,-14.07344696
15.03260222,-14.33439483
0.7393153944,-4.640539342
3.488693341,-4.675374797
15.68848622,-5.890414603
4.095674806,-7.65142763
9.239770079,-12.42060987
6.939442207,-14.26864628
12.70464078,-6.839139589
12.68796611,-12.92113134
13.76561852,-5.013204644
14.91512968,-6.13038437
1.660012974,-4.585297213
3.639412014,-7.845208887
9.008318875,-8.330393229
0.6522233652,-6.431637102
6.492800527,-13.00650567
10.63170583,-10.36126553
0.6115589256,-5.544625278
10.46836823,-6.126647904
4.041457052,-7.228100008
11.19590915,-16.01179715
6.940426794,-8.160631192
3.552551877,-7.845667448
8.593359478,-12.06350592
11.37342543,-9.052133971
8.887079701,-7.710050967
5.167880888,-7.52976211
13.1792659,-5.803381109
1.750311837,-4.375613791
6.839262382,-13.46951311
7.053356508,-7.443854431
10.98719569,-5.328518538
1.138105296,-7.086699195
12.09948052,-6.92795923
10.707589,-9.41121613
10.09109049,-6.282300748
6.753788419,-13.78095782
6.734550745,-8.145594011
-2.428137893,-7.419848747
7.253083377,-12.86679727
11.02994794,-11.69096149
10.02154459,-10.8525311
1.277945159,-7.259318014
8.895776842,-7.282094356
11.42333853,-7.633891781
5.206459898,-6.965578331
14.65774701,-13.98955421
10.76560437,-4.894317218
0.8084907426,-5.303058793
9.986377135,-6.890651853
10.48824665,-5.5594127
3.522663575,-4.379316106
9.153872968,-12.42212217
10.84394385,-13.63401418
4.079391337,-5.979979172
1.319604072,-1.716703694
-2.602780849,-7.9226102
7.715630447,-7.920706401
6.649775483,-9.954289788
3.699089795,-7.887790784
6.386692175,-15.16983587
13.11289114,-5.390191253
7.583702317,-11.98419784
9.27394647,-7.277218518
1.25123719,-2.45281375
8.554869105,-12.69048907
0.9624194061,-7.326939655
14.15155748,-0.3496697085
1.449002001,-1.674978215
2.101462031,-8.526486247
17.3472304,-5.866742485
6.472103734,-7.271785707
5.110610679,-7.374016733
12.98991488,-5.501175246
12.80630114,-5.238811401
2.126422195,-8.372746254
2.512189748,-7.73984782
11.04876916,-8.744984757
10.63824458,-13.07760803
10.43343819,-7.458099664
5.953818555,-8.02506542
9.853396848,-6.773106925
7.815111663,-12.17907492
1.664291753,-4.224105014
12.4597465,-5.445771929
9.216388935,-7.301591341
11.03421972,-5.218916058
-0.7204382493,-3.975687661
8.653792699,-8.505634101
14.42167728,-3.364034335
12.53626732,-5.257753632
12.4373645,-6.670382307
12.66720814,-5.02515595
6.689516088,-13.86649686
4.069531379,-5.121648739
18.53369584,-5.526353018
8.036456504,-7.94576933
8.606316077,-8.483865963
13.97304739,-5.041908431
3.318323456,-7.345948547
10.91956376,-12.24234408
13.84194442,-13.41074408
0.3437730485,-5.004202992
10.76464743,-5.006344463
10.66260846,-10.59294673
11.28737085,-15.69255029
11.63807826,-7.226508579
-1.347049151,-7.189403203
10.05029862,-6.924053473
1.6894382,-4.518143478
7.486221055,-12.64763857
9.799121447,-12.65284656
7.835437521,-8.162358611
11.23149444,-7.361243993
10.7917612,-9.854243855
0.8319159681,-5.261529684
11.0656495,-15.76850875
15.781842,-6.177468944
5.606560274,-7.364547364
6.220821201,-15.71385097
12.12325917,-17.18157507
13.57304115,-13.49239912
13.4079866,-5.63689056
14.26565583,-3.87036725
9.005633951,-8.764823139
7.238303075,-8.264085935
13.30099782,-6.190492948
14.25115999,-3.169057688
3.518273173,-4.781533888
12.90048618,-6.25904994
0.9831435633,-6.392997302
5.619890056,-17.21515305
12.36175762,-6.724196191
2.750532898,-8.39533275
2.873989022,-8.368847387
8.175893301,-12.39752332
7.149284984,-10.97598762
13.84142252,-5.183939505
3.092153135,-4.666125246
10.72924264,-5.235505531
13.1409057,-13.4565484
7.865043165,-12.24677535
10.28103424,-7.368910948
7.796745447,-12.52444103
6.362113357,-7.939179502
11.98939964,-6.93278569
13.59292618,-6.961108116
3.963616868,-7.783507481
6.806193119,-8.259562462
4.603267482,-7.391348909
0.6703710482,-5.534218529
6.817239881,-8.278398248
10.61848626,-9.586750755
7.309115205,-10.94793887
9.418836167,-12.42649727
8.360048551,-12.34444568
2.789853544,-8.327002452
14.49464113,-8.881784197e-16
3.943640647,-6.543721284
3.184085992,-8.361220012
8.393571793,-7.596672945
6.858831871,-13.54113797
-0.7884757148,-6.848701473
7.799901943,-12.29486527
13.39667981,-5.978637028
6.353311767,-15.30019646
6.582240244,-14.9357839
13.90404294,-1.882879424
7.053642092,-7.525911459
10.32520546,-12.43780022
8.489135211,-8.291167997
3.898686928,-6.881612738
1.697153116,-6.837647328
9.368157343,-12.22472712
6.010354299,-8.393302198
11.57335416,-7.291616258
11.35203021,-15.19531054
13.89874926,-5.051205891
10.4804771,-10.468178
14.73534007,-14.16247892
11.09654534,-10.43167079
-2.064900007,-7.553972073
7.176737689,-7.203238633
13.83310589,-2.029351072
2.08130404,-7.178069504
9.161378255,-7.314394395
4.802862538,-7.337585205
7.678495929,-7.811419398
14.15403764,-0.4322092186
11.12692856,-11.82516181
8.520268034,-8.537676701
-0.404209784,-6.729019357
7.143942288,-7.525597185
9.785969307,-7.049383795
14.30047123,-5.852691838
9.864273427,-6.289784777
11.70441512,-15.91267693
2.584821508,-7.510930648
11.54793391,-8.601958873
7.415008801,-11.74768101
6.036236501,-8.303578361
1.244472299,-6.73301618
5.9654564,-7.832391416
9.378055026,-12.17187461
8.453074568,-12.73966576
1.055233147,-7.98009256
-2.73979644,-7.650398162
6.835320327,-14.42352043
11.02147035,-8.651747193
9.748122897,-10.37550136
6.223030213,-7.443398435
0.3313366176,-4.863297027
5.311096605,-6.646063084
11.65081675,-16.00655696
13.04832817,-5.400482238
10.27965127,-10.29880462
14.28394149,-13.9220502
6.817044353,-10.66047487
9.255729059,-7.234197271
7.419646011,-12.75545963
9.634028812,-12.536876
3.320089718,-4.546494832
11.22469815,-12.29527288
1.175676106,-6.57215766
9.931604845,-10.14105006
7.969226859,-8.01101324
1.359187842,-2.597115066
7.557204795,-12.62655413
-0.3804657799,-7.303604161
13.41135531,-6.532718574
4.24444333,-7.295677353
8.148252812,-12.46865311
11.09553522,-11.49651021
13.67036092,-5.385711708
10.99948648,-11.74708532
11.26046534,-15.3256121
8.770906473,-8.464913319
10.35558539,-6.146493172
13.25287239,-6.959282735
7.641884261,-7.715230445
10.65384156,-10.01313085
11.12798501,-12.03544523
9.323942771,-12.21644707
7.356756093,-11.29936875
15.69594023,-14.68961859
11.00951907,-12.19164814
0.3123459185,-6.349607633
9.678992712,-10.27029999
7.349526883,-7.975901265
10.438642,-7.350114517
13.00916648,-5.945102141
7.004827778,-8.132930709
-2.091509748,-3.884004588
10.59698551,-13.37001503
6.519844403,-7.522900109
11.31583821,-10.43200522
5.766582924,-7.295218753
17.02461736,-5.735976613
0.3876778145,-4.877936403
6.705645354,-10.10576399
5.171159228,-7.582602976
0.4566135593,-6.180790649
12.92774726,-5.469777475
11.07162248,-11.78575351
13.77862024,-5.462266505
6.639082116,-8.055395287
1.038284609,-6.534748629
14.13573343,-5.746061117
-0.5089929449,-7.41882776
-0.16676867,-5.047119749
10.66342955,-12.94849891
8.796544734,-7.231566336
-0.4810854126,-6.814891752
8.422401037,-12.54564687
-0.9228951846,-4.254226223
14.79388459,-6.227011905
2.242937363,-8.28258259
10.53206963,-7.270576748
6.717195137,-10.31243349
11.02102681,-15.78750275
11.88688788,-15.77347822
5.733435337,-7.359996277
14.5530131,-6.217863209
5.761834831,-7.462360839
11.06422721,-7.399883325
0.5595696207,-6.222357531
2.675866303,-7.557666571
16.85477823,-5.586116357
10.55991135,-13.29936951
18.07133973,-4.286598864
11.33812083,-8.745411169
10.77391163,-5.248371646
4.984436354,-7.465279074
3.089762916,-4.765079303
14.29777312,-5.921560962
1.986776804,-8.573599758
10.31370113,-9.891932187
13.90286395,-4.37234807
9.485878731,-7.344178796
6.971394133,-7.526197708
-0.6900951538,-4.55585191
0.3890380736,-6.174317153
10.71766609,-13.50559349
6.950329966,-13.08283381
13.53455689,-5.779200125
4.175971909,-6.454193708
11.65014072,-8.756458739
-0.9929061458,-3.906349166
11.21989324,-7.29238288
3.240792976,-7.551405097
0.1958998808,-6.334255692
11.50112703,-10.54566528
10.45707606,-5.616910109
10.87133617,-13.46132833
-0.9903909878,-4.073701432
15.04971521,-14.17706569
4.691653241,-7.309532711
11.04265921,-11.52241931
0.4549068608,-5.839929269
6.785860766,-7.386675252
9.422863803,-12.27933566
6.361590345,-9.41174648
13.53137695,-5.39969572
9.674354094,-7.012949757
14.29077101,-3.089607124
0.4921974358,-5.610530472
9.507211951,-7.191794857
6.640823675,-9.626917696
18.68480698,-5.513107158
11.16253057,-10.56961367
13.77316933,-7.050102843
0.8917032065,-5.940946537
7.338337613,-7.991998835
10.31639522,-12.39242287
1.029238824,-6.232971335
12.40449794,-6.502281402
9.687192766,-6.622652967
8.907947619,-8.452308475
6.07923369,-8.425809268
11.05359024,-7.495322715
1.158905726,-3.299210606
14.00963273,-13.55199071
10.59462215,-9.502093836
8.551105593,-8.256450076
13.8859147,-1.628344185
1.68144561,-4.311822445
5.196946039,-7.147651267
1.46165416,-1.704468182
10.10494373,-6.952607801
17.41239092,-5.840783849
16.97877892,-5.570453794
14.24067578,-5.98860564
13.58014511,-5.911014859
-1.196778444,-7.171869877
13.824178,-4.964823872
1.011405564,-1.243788551
-1.509459711,-3.976437825
10.26741177,-7.339692211
13.85621003,-4.88913459
9.616959853,-7.27117971
11.58700233,-7.175733559
2.5238309,-7.811812612
0.8886186384,-6.406558418
8.706448378,-7.66794546
1.264067649,-1.82526452
16.96055659,-5.645771225
1.657381565,-4.283897046
2.94923726,-8.442104695
7.82002533,-12.58704709
11.25043977,-10.90563391
10.77913642,-9.17875785
11.87243213,-16.16781773
9.697920981,-12.54553633
11.11580698,-8.860856538
9.395363053,-12.21338297
6.338302474,-15.42397117
4.239977135,-7.690954754
12.30947902,-12.25815331
10.33457869,-12.65352072
4.324949943,-7.622125772
7.578211336,-11.47343568
0.4058639157,-4.936653033
4.101167406,-7.168036584
8.252243413,-12.42719238
5.80975088,-16.60019341
10.91930095,-15.74654973
13.06808075,-6.010726319
6.732033899,-11.05433611
16.61271172,-5.5943857
11.78181733,-8.696030363
11.78129699,-10.23737119
4.852333092,-7.549335309
11.05972149,-11.73940165
9.027839034,-7.200577104
9.928252276,-10.3481014
10.91811418,-11.38079801
5.91444225,-16.02689931
11.1470496,-9.296486752
10.16318936,-10.37551095
7.852104751,-12.7575973
9.816855168,-9.987916256
9.84526549,-12.32910456
6.357219849,-8.928776093
12.76186878,-6.471655473
14.03553906,-2.666560749
3.352692604,-7.750763278
0.8366154864,-5.545919129
7.744387159,-8.024005108
10.53558013,-12.80105961
13.14383914,-5.648007238
4.171809007,-6.386919812
8.499584018,-7.714616608
1.087746498,-6.610130195
13.76964813,-4.670684154
10.27930674,-12.46255985
5.914734811,-7.814537999
8.8516839,-11.68596322
13.41136488,-6.836529584
8.8259456,-7.185348028
12.7146628,-12.73984969
10.39873467,-9.880493234
13.8481877,-5.607142403
16.35095794,-5.640793848
9.99398673,-10.07040464
-0.4866359351,-4.743835363
15.69106189,-14.84006209
3.876650302,-5.629431517
7.455785003,-8.133391035
1.235966848,-7.241372587
9.398479947,-11.86026922
6.818771812,-10.06275695
11.90551381,-7.002209514
-0.08092675661,-5.107713541
12.95851061,-5.20182392
8.779690863,-12.12681502
2.533534914,-7.552552322
14.63370629,-13.71641066
0.9028926235,-5.263599379
-0.5478202259,-4.743861528
13.24307332,-13.61685336
9.245299918,-12.7756351
4.048959384,-7.730318113
0.9782383721,-7.003022476
9.562056572,-9.940321404
13.66999875,-6.034489947
3.935882469,-5.548098585
11.22180244,-8.889463774
6.965612102,-10.6174342
-1.287825319,-7.254589222
6.977121557,-13.11886126
2.660757179,-7.723664388
11.10585316,-12.07606143
11.71625746,-8.085628801
14.05790862,-13.66240148
13.98932417,-5.125199106
1.015123551,-7.229984264
13.9229369,-4.544827523
10.34824334,-10.28298135
9.743495268,-6.181678199
-0.7784255557,-7.074149358
5.290457253,-7.783273977
5.05069182,-7.111303944
3.975948977,-6.867818621
8.757122519,-7.397179502
7.237269322,-8.326605663
14.93650705,-5.940088125
6.061869456,-7.449677426
3.021990415,-7.233082162
14.77713829,-3.359219686
6.574160884,-8.470013137
9.027522462,-8.594181129
7.917412594,-8.061297088
10.26563392,-12.32736816
11.40213511,-10.59768239
0.550659962,-4.901292881
7.655298893,-12.0341483
10.76919392,-9.213854435
4.265130305,-5.323015208
9.95664092,-10.02059138
4.188443362,-6.729990645
11.5585542,-7.094922747
10.47938837,-10.13568261
9.694924438,-6.526540582
14.77709569,-6.302312911
10.24571405,-9.850554884
17.0463712,-5.297632602
13.4661455,-6.573115065
10.5722705,-12.7949177
6.932719448,-7.439352387
3.010463412,-4.664152044
-0.6682833249,-7.292683524
8.77275814,-12.77098884
6.838296956,-14.31129419
10.48614121,-9.926193602
11.43604159,-10.51200878
13.86166936,-7.045174843
0.1017713958,-5.310026064
4.264342463,-7.334742124
6.894836708,-10.9418891
7.754218873,-12.22398555
7.687090263,-7.972719114
14.78611595,-3.186954809
10.37713398,-10.43360283
11.30229414,-7.432874933
13.42427278,-6.920125875
18.54180816,-5.618899891
4.070574862,-5.696463737
9.733383098,-12.6262255
12.88596049,-6.256166134
9.588116253,-11.67747676
11.07270092,-11.64890987
2.609280817,-8.100656559
6.487058963,-7.539622501
0.03205211161,-6.320264106
14.73485278,-3.059551525
11.68452129,-10.62779744
11.12137091,-11.25908192
7.2141694,-12.92001391
12.84766265,-6.423541099
8.764677183,-11.67798549
10.58521667,-13.03957387
13.80600812,-4.861064668
12.264512,-5.201557618
11.59383315,-8.812167305
13.96015971,-4.225958895
16.6251563,-6.079998941
7.349109193,-8.185890633
0.4995406633,-5.56980893
7.102357266,-13.98564691
13.32472861,-6.579303965
11.38232243,-10.65061502
13.00823718,-6.09371274
13.31542616,-6.526052042
2.347400404,-8.117958151
8.843734216,-7.790195108
10.11919956,-12.42265763
-0.4866094673,-4.80572545
4.074881427,-6.926343557
1.176702247,-2.739603885
13.08664418,-5.577616569
7.46951608,-12.57592616
0.3423258099,-6.4121861
13.72973732,-2.323795642
10.6326973,-9.916246794
3.479891409,-4.525351869
4.856727863,-7.571561312
8.273132003,-7.106383348
8.910061532,-7.27218552
8.648445177,-7.635751348
11.50900239,-7.291798941
6.614588389,-9.852702087
-2.334210746,-7.746143469
10.78612256,-10.51120617
0.4445151273,-5.919524807
6.328516992,-7.396633603
13.9847728,-4.332280541
-1.686360985,-4.057911455
7.260309457,-8.260072301
-0.7650034095,-4.008601272
12.98457807,-13.17372656
5.687237127,-7.082827161
7.561369941,-10.61459194
11.51971003,-8.549670361
0.687430229,-5.32497718
2.696606245,-8.577558841
5.77057143,-8.50951507
11.50548515,-7.700731266
8.604109151,-11.99755535
9.947299281,-10.05907015
10.84680642,-9.281662539
13.66913498,-5.48828697
3.86621333,-5.558324509
-3.055606493,-8.001220302
7.706305929,-12.65917894
13.39694841,-5.886149797
7.813033388,-13.01616928
-0.3016793874,-7.379168767
-1.116097574,-4.075590692
0.4322104813,-6.044394985
7.354656539,-11.85315805
10.52666406,-10.33246043
9.58501662,-10.24379659
4.057333044,-5.893179419
8.734748935,-7.201270292
11.18651354,-11.00527314
13.39505256,-6.287165574
10.02504704,-6.311618507
11.64578771,-8.653158987
4.012735828,-6.064075337
9.910817483,-10.42418646
2.739734384,-8.212969208
4.007697828,-4.948626346
10.33806184,-12.37127749
6.906443236,-14.21107509
11.2599794,-15.57549793
5.552756784,-7.192808475
10.47874976,-12.22812168
-1.924962741,-7.922974634
11.61745901,-7.376248665
11.22714347,-14.64224054
6.545029854,-7.621864106
11.1072362,-5.271735612
13.80253209,-6.844525576
5.800277818,-7.41824972
10.19047331,-12.36201715
-0.5391658287,-4.549988567
11.34515234,-8.849743544
9.324800187,-7.204948999
15.6031785,-5.802754738
2.26802256,-7.969772993
17.46897562,-4.888360245
8.477444415,-12.61693286
9.950445299,-6.3275122
8.048219647,-12.76311129
7.221975559,-7.825922541
8.20282838,-7.032499474
12.65174643,-12.20743261
6.603351839,-8.538542012
1.200073025,-2.137237403
18.09877878,-4.314848869
4.091684167,-7.066428482
10.00914063,-6.528712083
6.546043647,-10.9730294
10.55230832,-12.30064127
13.02701752,-5.193300546
-2.450335825,-7.635081264
3.398242365,-7.643593327
1.392486673,-4.028952792
8.637526758,-7.875429926
5.231471755,-7.553399229
-1.075108205,-7.04249177
10.2826978,-7.180254301
17.87654728,-4.519032663
10.68576927,-7.377106308
5.819384102,-7.926682129
16.6583263,-5.849105961
9.539061988,-12.60491806
2.405588401,-8.010439961
4.330514929,-7.476719009
0.5842029184,-5.734230629
12.01842832,-8.637949284
6.509472633,-9.465707736
10.17488375,-12.58828152
10.66513562,-10.51067572
9.877085057,-7.008714755
6.823870715,-7.436066854
6.682766222,-8.009632108
0.5567545124,-4.865498985
1.495410892,-4.792083039
6.844358532,-7.341657536
9.682355542,-12.66037142
12.59061694,-12.33247493
5.994260528,-7.931072855
0.8616959933,-6.141533733
6.379906806,-8.02045505
15.1324348,-5.844333485
13.74598999,-6.921880902
11.54351756,-14.37709385
2.452928663,-8.167497593
10.4681185,-12.37756436
6.600829038,-14.60850181
6.97304179,-12.95701181
7.241330182,-8.470723867
3.130317696,-7.227942579
9.232976774,-11.8581006
-1.990320603,-4.039120041
8.519465651,-12.05622292
1.154274003,-6.598036497
6.884428203,-10.47788897
14.39088531,-3.866245269
1.017969254,-6.339872516
11.18506027,-9.136583872
6.551086657,-9.655609573
14.01634296,-0.950985086
6.794118838,-13.67303551
1.37284684,-1.742569424
13.67991472,-6.873583847
10.47398713,-12.29506955
7.086636141,-10.83192445
6.811085505,-14.92707977
-0.4883985823,-7.053782183
0.3751643357,-4.84608072
14.29047072,-6.256295751
15.89698424,-5.79066545
-0.1433129367,-6.698125974
4.301258759,-7.773165268
7.331474902,-8.616979476
-0.3506681003,-4.799688356
3.983845559,-5.381795793
11.70224932,-8.884589592
11.54441388,-7.772760051
10.09447614,-12.3527327
0.6742503803,-5.072149927
9.308356355,-12.60892815
9.573957352,-7.228358178
0.9460919111,-5.322549501
1.24458122,-7.337363623
0.7524900191,-5.082692399
6.462627334,-7.87580253
10.50118136,-10.43959124
10.68678782,-5.058239673
10.28104758,-6.098795283
13.86749626,-2.579966493
14.40183805,-13.96312907
8.977577622,-8.665185829
4.198412455,-6.4436749
15.15285522,-14.56012053
12.48658661,-12.71218527
11.96023194,-16.42729825
12.55720877,-6.571196116
17.70660102,-4.760301392
7.330514013,-10.94814734
8.598797472,-8.107860392
11.32902311,-14.52977534
1.249947654,-3.164184512
4.227262425,-5.370305055
9.660257131,-7.275856025
10.63274879,-7.260097367
17.23990315,-5.840252955
3.243302672,-7.534417266
8.565970365,-12.02398987
0.7586319905,-6.221285306
9.679901531,-6.0643362
11.65317383,-7.911779219
5.10561731,-7.592624134
0.832338291,-5.388680719
13.69517435,-5.437168225
0.9987919199,-7.540989791
1.689661735,-4.382649375
4.42641122,-7.557934253
10.09136662,-10.78237321
9.695697225,-12.56990784
6.179623132,-15.43955196
10.55763919,-12.93935748
10.04567738,-12.24239029
6.466941901,-7.798661448
8.079871214,-12.44208055
6.714642268,-12.93825579
8.707771337,-7.410397896
11.38442435,-10.38135397
11.02779732,-11.45627115
14.23653031,-5.850186796
7.34028229,-8.356024678
8.688291123,-7.337668059
13.81227102,-4.896829006
11.12721946,-5.315145932
5.287562261,-7.369507113
7.351071816,-10.69057929
3.400482369,-4.937653791
0.5910080029,-5.64547728
-0.08977327402,-6.770541749
7.674794379,-12.20852376
7.019547956,-10.83282364
6.341426168,-9.222659607
10.22833373,-7.250445561
11.33106758,-15.07428287
10.54956303,-12.88459043
7.826181213,-8.070489101
13.94794385,-0.6983679391
0.9937487294,-7.803957197
8.515539086,-12.37392881
12.59295996,-4.718777562
6.527074663,-8.571033479
8.298746731,-12.4972089
7.757995126,-12.85882397
11.00386013,-10.4608238
9.094271439,-12.49017878
7.542480139,-11.58588449
11.62417137,-7.525349496
7.45596737,-11.91076269
0.6794699549,-5.585639583
10.89692953,-7.408191656
9.278059409,-11.88600947
7.062987003,-7.862185379
0.605885021,-6.353195932
10.84405027,-12.28753646
7.494778822,-8.094474175
9.770586369,-6.613992599
4.166312822,-7.597242868
7.288756052,-12.65480766
2.677540393,-7.277541616
-0.1590785586,-5.218429507
6.346169217,-7.917371438
9.394379438,-12.41494713
5.340235661,-7.34237136
0.07879359765,-4.935834334
10.5230096,-10.13021663
8.294038423,-7.584367972
10.64018642,-13.54625415
4.344597538,-7.494071906
8.23552478,-12.63425302
6.527869612,-7.9471323
10.70348054,-10.49990663
14.11228487,-1.369485342
0.9881715197,-6.471819815
7.145611999,-12.92864337
1.224041418,-2.531358316
9.296549733,-12.6947638
13.84262311,-2.939700014
7.384354572,-11.97140449
10.31022531,-10.12392432
7.185426387,-8.556158119
-0.2348277252,-7.308345935
5.319469786,-7.353069315
8.757329234,-12.20924718
7.356710202,-11.22066467
6.920858493,-10.67080237
5.200180056,-7.400627219
10.73392098,-4.894046577
10.68165857,-12.11194051
12.80003617,-12.91463618
9.656602753,-10.34969059
0.927507635,-6.540495458
13.94584918,-5.710060204
-2.233459859,-7.972086741
14.16983671,-3.753695084
2.036375262,-8.4426785
6.087889259,-9.586031345
13.60849552,-5.525240202
10.59293609,-10.21009624
15.98543524,-5.787156238
8.273782349,-7.792489538
14.03696743,-4.16113925
10.19939239,-7.231353318
10.56407909,-12.95983639
1.076244393,-7.647760314
4.041745094,-6.559876232
13.31349151,-6.937231348
4.167196835,-5.432317822
15.74932024,-14.81532281
3.779312184,-7.87536536
6.119024803,-8.532475692
-1.505319573,-7.276710586
13.50115253,-5.897340755
14.04601674,-3.283337144
8.598087272,-8.068510549
8.571399492,-8.198890518
1.057745828,-4.972522273
11.65661196,-8.938544342
12.68935408,-4.899267797
5.663690773,-7.004112954
8.606085751,-12.29943193
7.663823815,-7.772871706
2.683594552,-8.363941144
12.94922651,-5.12720265
4.215889138,-7.535108033
11.09678166,-15.84164769
7.782446671,-12.47738065
10.0823721,-10.42046625
9.851125107,-6.635479341
10.54746267,-9.629397092
13.55762669,-7.007640467
12.64118344,-4.80907216
9.573049519,-11.77127947
16.56829682,-5.788215663
10.8233019,-5.094345155
6.965194195,-8.051492181
6.76104794,-7.484412936
12.01707107,-8.724644331
3.246304201,-7.437642201
0.5453330456,-6.247727955
13.94823872,-4.598066321
9.647474491,-9.874252061
7.266482046,-8.293916031
1.149232573,-7.016837112
9.469897648,-11.94024037
2.054280553,-4.469149271
8.619479359,-12.22928325
6.407261827,-7.87270589
6.772260671,-10.14393254
0.9078671449,-1.141275166
11.45382584,-16.01605949
3.236927411,-7.420244464
6.749680397,-14.64071864
10.79172221,-7.405565772
3.911648468,-6.946236297
8.82263294,-11.85021832
0.7472610195,-5.572739093
13.29806005,-5.576175771
9.390976844,-7.475543995
5.25610783,-7.650274006
7.395326747,-12.59320812
2.714420352,-8.478672129
10.76574745,-7.435700228
13.73859363,-6.797790398
10.4326546,-5.777108158
4.091457471,-6.768715333
12.27923105,-12.90327593
12.05367076,-17.03778324
17.52258078,-5.724849357
1.651135647,-4.33794133
2.27765479,-8.308077524
4.330415139,-7.570382226
0.6837426317,-4.712378925
1.649465934,-6.751942069
12.35408309,-12.824688
13.45225919,-5.546196733
5.944582392,-8.164575629
14.50177005,-0.1907291948
13.81566356,-13.48833448
6.147007065,-15.43182571
9.66031305,-6.27313648
6.910565088,-8.091205573
0.6303469192,-5.851707183
9.908706609,-6.565938409
13.85865062,-5.579527808
6.44777113,-8.027686676
2.574930829,-7.189702496
4.742951517,-7.493043665
12.36893612,-5.225983937
10.7572138,-5.138394383
13.3397189,-6.341000795
8.668123489,-7.241451768
11.45055557,-10.26824542
8.312428976,-7.147681541
18.85764195,-5.555676958
13.09992255,-5.157907566
-0.8353753656,-3.913317364
11.91528623,-16.29506493
8.217018221,-12.62692365
11.22505132,-14.53174395
4.148092923,-6.854027034
0.2688833908,-4.986912373
7.105359685,-12.76095627
10.36772717,-5.96334051
7.060541448,-7.25751046
6.316563576,-9.335294393
4.299373174,-7.525018516
13.74581516,-5.218252364
13.06492652,-5.485161266
13.76135475,-7.336143297
7.46572515,-10.59723809
15.58513056,-5.854048311
14.06430876,-5.744558667
12.77643537,-6.636590263
16.50616608,-5.88164661
3.462135169,-4.898595808
15.86602177,-5.920961338
6.550730929,-7.583455342
-0.9571085594,-3.95481924
8.430365236,-12.04163796
1.163383409,-5.183506777
3.875879424,-5.385450784
0.8193748057,-5.750209509
8.532447384,-12.28537203
11.50881975,-7.227462052
0.5749066339,-5.852516663
6.922370107,-15.20074475
4.708971202,-7.570084403
6.659608827,-14.50283898
6.873468363,-13.74787624
1.113283949,-4.459236727
10.37180319,-12.36615169
0.7694768918,-6.148251012
3.203560558,-7.460679574
10.79000896,-13.40362799
12.27751085,-12.82640143
10.42997557,-10.39859867
-1.837314026,-7.416058564
12.53472719,-12.64410049
9.919761004,-7.078347464
1.267934751,-5.13705639
12.87981476,-5.445569155
11.50797517,-16.10004688
18.18290646,-5.707680887
1.24175786,-2.588937526
7.770793757,-12.94059355
5.28646125,-6.740440703
7.14179392,-12.89831037
11.88359152,-10.26272713
0.950945148,-6.566333639
2.524942261,-8.070138758
2.040492484,-7.207419424
0.1881652126,-5.065217185
13.35177401,-5.919832149
-0.3757897006,-7.309213959
4.143093155,-6.801473899
3.795281358,-5.63149675
10.35195964,-12.38551786
9.102183272,-7.383846513
13.62288551,-5.955166548
7.228295795,-8.562262396
12.0566477,-8.466565182
1.245632091,-6.615379888
14.3059381,-5.796353451
11.14226098,-12.33241274
6.833046915,-12.87122809
1.590788262,-4.72573262
1.795688172,-6.812777705
9.889500487,-10.33922147
10.58751033,-12.93495258
12.76927008,-5.321923879
6.917275115,-8.202219099
13.21758068,-5.585836442
3.7230296,-6.939951331
6.679343689,-7.683158898
11.55907711,-7.882989617
6.835153873,-11.10981897
14.18031523,-3.200706978
11.2318357,-8.719748721
15.11364452,-14.28746568
11.97610109,-8.637286632
7.314309868,-11.93815568
9.401852979,-11.93990232
-0.2205578192,-6.755235974
11.24826108,-11.00660549
11.22235226,-9.207661777
7.754174872,-7.785704529
13.22389012,-5.63839799
11.60496658,-10.56480656
15.81058936,-15.10406592
11.31078478,-15.60189278
9.155052332,-12.48910867
13.44416961,-6.021286746
2.17021164,-7.908238784
11.45978486,-15.93681245
3.269034499,-7.328667693
6.772182613,-13.29435613
11.2602378,-16.00150252
6.366659339,-7.377178891
0.4615968521,-6.128771079
7.978985001,-12.82423448
13.84643321,-5.741837503
10.99609492,-8.545488951
9.683421617,-6.958419801
1.080318717,-7.834483049
14.20592808,-1.270222122
1.389784923,-4.829711043
8.961759974,-11.84613771
12.39296515,-12.55193662
-0.7447690998,-7.037617625
1.279174421,-4.847514913
3.60509783,-6.840494143
3.721685165,-4.893855497
6.149681873,-9.501653468
8.391434616,-12.27929423
3.877143956,-7.837401362
9.760091274,-10.2170083
17.65046538,-5.703115735
5.42864157,-7.457152042
8.517731879,-8.342212138
1.285989855,-1.724823742
10.69221377,-12.03382766
13.37557121,-6.98432507
11.19488341,-9.309401475
11.32092187,-14.95284854
9.762248142,-12.42349705
0.1809302157,-5.238541759
8.682179618,-7.57497298
6.030217767,-8.152027559
11.1498599,-9.040894037
7.440803259,-12.03806558
1.100327558,-3.368601465
11.34678353,-14.33627367
8.372318801,-12.4668721
13.82910624,-1.985156704
8.573195498,-7.232519665
7.369983273,-8.686302393
4.869876634,-7.507466191
13.45617655,-5.779697468
6.38293935,-9.380166763
0.4090346024,-6.376632868
2.750381382,-8.30428821
7.541504987,-12.55915678
9.451306725,-12.34754788
14.04555082,-2.7864956
0.3562820954,-4.701857001
12.54072024,-12.425532
11.18542548,-11.05569925
11.38639182,-14.1198857
10.67268363,-13.02959249
0.7625701762,-5.40811264
5.16298786,-8.014551999
12.90422514,-6.164167423
10.57281744,-10.28986072
1.195250474,-7.316275082
6.634223765,-8.280394502
10.87533951,-5.172418416
0.5281498656,-5.617013695
1.382956774,-4.810543675
6.508024275,-7.181436356
5.895748002,-8.145019112
13.9818295,-5.769705027
11.13905175,-12.41100017
13.77227564,-7.325074896
4.144939256,-5.181819177
3.302635992,-7.84361385
6.920251369,-7.984812101
7.183887724,-10.86957229
11.33856668,-13.75153817
13.93411858,-1.00330905
0.4253467028,-5.477259979
16.97352936,-5.834290573
6.423805759,-15.66158837
17.03467066,-5.213225375
13.90409783,-2.975255773
4.139131185,-5.409843935
14.25570995,-3.711986999
6.825126546,-14.71541643
0.5045179344,-6.288000875
6.831059726,-8.083967241
14.11165274,-4.122494508
11.19961488,-12.23959701
11.47188503,-10.62378978
5.808630787,-16.37475872
2.948982304,-7.236546028
1.09850301,-7.701864644
13.89882515,-2.932731417
12.66395702,-6.502540605
10.32188111,-6.034984449
8.564261201,-7.753112761
8.840787546,-8.427260368
-0.1846062997,-7.273183873
6.2336466,-8.92205402
11.08567197,-10.39007646
11.12744065,-11.56162369
6.929132654,-13.80445936
7.646981617,-12.12951266
0.06104999482,-6.417644922
7.257859465,-12.62132606
9.569948057,-7.318390183
-0.3292390259,-6.962765263
1.143705096,-2.503542155
11.21764546,-11.65005215
1.393984385,-6.684300391
10.30503907,-10.40885787
10.21883404,-12.45521753
3.681908972,-6.81470083
14.26557777,-0.5873182105
7.471641522,-10.89148104
-0.9027967944,-7.076247845
10.85437817,-15.72041298
9.284769359,-12.1688894
12.38902309,-6.602464086
8.109433961,-7.914501545
2.850819636,-7.187226837
13.60735338,-2.511031808
8.596254299,-7.966951602
0.7932147498,-5.149480131
14.84461555,-5.987814268
-0.07262513368,-5.211515332
0.5453012058,-6.310886346
12.05678029,-8.80931381
2.222388665,-8.383335521
1.446476558,-4.205954559
7.215999929,-11.04993553
8.58452153,-11.96929502
10.71700773,-7.191263824
5.203164233,-7.286153898
10.81452929,-15.60888037
13.95898622,-4.395309106
-0.4167867975,-6.872453864
4.757122158,-7.334514979
3.411776524,-4.53436398
7.40722475,-8.038064675
14.62986648,-14.27895047
5.912139875,-15.83983928
9.62412784,-7.123697917
13.80109882,-4.689007078
6.150041087,-9.476698553
12.8099385,-5.471309052
10.95788382,-7.484655988
13.90873208,-4.124020904
10.28384879,-10.17844124
10.96747239,-5.414957028
9.628043106,-12.58103595
8.705514287,-7.182673247
11.074404,-10.48837104
10.43752473,-5.88501488
4.725243807,-7.742531448
9.748281344,-6.268274579
1.059880384,-7.074239929
1.560557049,-6.784236543
8.625958031,-8.282840963
12.4986024,-12.28749175
0.7701593211,-5.84463043
11.38885894,-7.34456426
3.337404827,-4.684113575
10.07584969,-10.58638081
1.707677221,-7.034901654
13.86115397,-5.034874297
10.60239615,-9.644660304
8.326806197,-12.59557396
14.79992024,-6.403850798
8.63069995,-12.03762473
3.384818029,-8.140650338
13.72843262,-5.357708292
-0.01618258336,-6.440643099
14.73140781,-14.09107175
5.61251963,-17.07104835
10.24084493,-12.61040032
5.237908261,-7.210512294
6.644806967,-11.0203039
5.598915487,-7.333494834
11.28964202,-8.792078511
7.629698446,-7.830425087
4.14548611,-7.142973804
3.193254692,-4.623390511
8.940918064,-11.92203824
14.62381929,-14.16913764
10.10960121,-12.39551073
14.46832123,-6.16303047
13.62110178,-5.409465517
13.87142261,-4.449198242
1.468603547,-6.778610064
17.00838276,-5.549430168
1.001259654,-5.943923585
15.26544669,-5.666644265
11.85445243,-8.625360985
3.346218014,-7.60769533
2.744580735,-7.217385318
10.02700172,-7.096154846
10.49047096,-9.601317524
11.62437673,-16.00437936
0.8874742579,-6.02922771
5.862105378,-7.472132643
-0.8779771904,-4.253334716
7.636120315,-12.67552825
0.3804553357,-6.316977992
11.10647441,-9.115374246
0.2535154245,-5.558581236
15.98837706,-5.861305875
10.98922055,-11.66660713
9.605402333,-9.96127691
13.86636566,-7.118223767
10.1016785,-10.68524379
1.474038344,-6.689789216
4.211707912,-7.361553542
11.45162821,-14.38119621
7.546932991,-7.979140556
13.43788944,-5.389516219
8.461215784,-7.251187166
-1.644373814,-7.369358802
0.9818489795,-1.422727768
1.043001039,-6.301687824
10.93808807,-5.351124461
14.05864621,-0.7768449514
1.101098388,-5.120583723
8.946099588,-7.15883451
12.63190941,-6.83051368
7.840466568,-7.756383563
6.933430734,-10.57593671
14.17766103,-5.591778234
-2.372823979,-7.49273375
4.49774263,-7.599412018
10.62159435,-10.59168688
13.44117265,-5.945462856
10.54311265,-5.589286938
6.41688631,-8.529334537
3.283917685,-8.170990633
4.205683251,-5.782799254
1.053228564,-6.362986582
5.143085154,-7.554796168
10.86876528,-9.20414879
10.73936681,-7.2105365
4.799205533,-7.392067437
6.207379776,-15.81621914
12.24583694,-12.12882895
9.855013802,-10.19992344
13.6968464,-13.36702411
0.491344209,-4.891193315
2.396080048,-8.218483452
14.7764662,-3.042807566
6.937720424,-15.31906013
13.77019322,-2.326849392
6.986439039,-10.7553677
2.297518627,-8.208257193
6.320094263,-8.868663698
0.01210979711,-5.274637313
16.75815849,-5.778342588
3.069875984,-8.408413465
0.6297244898,-5.809077762
4.087044139,-6.977283332
11.23728505,-10.38841111
13.17475305,-5.748888553
9.701872679,-5.965546146
0.9945355112,-5.135070598
11.6892747,-8.011268138
5.853409443,-16.11349896
7.074671596,-8.318396223
12.69584439,-5.247249719
10.67933013,-13.43254359
0.7001422933,-5.114612139
7.058801115,-8.252321896
9.462842027,-12.59458675
0.03808928814,-5.33668842
14.07023119,-2.799873008
10.88223232,-13.58004752
11.4238375,-10.24884277
7.272675047,-12.84000476
13.76059155,-4.77873596
8.492189594,-7.190900689
16.25807202,-5.664978122
4.004463354,-6.824653995
-2.471807515,-7.679242752
11.2258501,-10.65139439
5.932460136,-7.764180316
11.44941809,-14.3316916
10.93519934,-11.79445814
6.708961525,-9.933789424
0.4891017731,-5.627697331
8.408968779,-12.32613188
1.662059741,-6.908943277
1.146019749,-3.1749631
8.535446904,-7.657598097
9.859349543,-7.115371965
8.236740381,-12.47845769
2.695967782,-8.409993247
7.425442135,-10.98126411
6.669144798,-8.339938201
11.2989294,-11.69216192
11.14109764,-11.05474278
8.571104555,-12.77280248
13.76647825,-4.768631629
13.10305547,-5.589875125
6.667359878,-10.00505721
10.35398179,-9.843371283
6.956070947,-14.23802651
-2.325189281,-7.555500148
10.66765758,-7.293729528
7.861424779,-7.818063648
0.6204597408,-6.203265562
6.692071914,-13.01677008
14.295063,-5.990736393
14.22509934,-6.268907407
12.34755456,-12.17593425
3.552902956,-7.91216846
5.76151452,-7.651732591
11.60117665,-10.39523609
15.79562917,-5.930191105
12.64787516,-6.661426204
7.410109891,-12.65667034
1.166833205,-2.611990956
13.61647766,-2.390153798
6.435445086,-8.596392592
9.841082023,-10.8899504
4.095505459,-6.454396535
10.67819013,-10.42701803
3.488641346,-7.627119596
1.637476795,-6.958886164
7.21700232,-10.94704151
4.522175593,-7.704360275
11.13452975,-16.41632728
4.252318152,-6.34918186
5.897578694,-8.168275635
10.79710327,-10.43089597
8.089665763,-7.894131691
8.719597618,-12.09779809
11.13209466,-16.28285092
13.73737301,-2.222638523
1.058389068,-6.51873853
4.59882291,-7.522362037
7.55289406,-11.31673828
8.599139892,-7.697659024
10.69088485,-7.371171509
7.314713961,-12.56886113
7.280452623,-8.318492072
13.4924653,-13.47879276
3.660302085,-7.568680882
7.004529224,-7.915225324
6.695725241,-10.99107801
0.4828500431,-5.773236322
6.824283436,-13.60628238
2.668603509,-7.501513957
7.518129691,-7.932472901
1.380980052,-4.258616991
10.74361548,-7.304260897
-0.7766932337,-7.176819033
9.276063484,-12.52220077
9.942334017,-6.59378268
6.045311448,-8.497687273
10.04106081,-12.16364596
7.377449752,-11.19838029
11.67997553,-10.39347492
-1.793335859,-7.357351862
6.168975384,-15.70704337
8.557225129,-7.173347744
14.73402189,-13.71489439
14.22042418,-3.496472199
15.56616199,-14.65563504
0.04608407387,-4.983717575
11.10809141,-15.94796204
0.9860559962,-6.906257825
6.990307578,-7.964429753
4.771960981,-7.390238704
1.533245648,-4.115402189
10.5695377,-10.35828569
11.50124858,-10.39996953
10.75696751,-12.28152278
-0.4201340314,-6.959260378
13.44990178,-13.40096074
3.948934306,-7.759949262
11.93436696,-8.763431814
11.20018852,-15.95488734
6.407709709,-7.145536637
0.2398436185,-6.31755186
10.44296263,-10.33316391
-0.2027483639,-6.6833924
6.86984263,-13.8627866
3.026740752,-7.333205301
0.901547297,-0.988883001
14.09367272,-3.140221903
1.363684205,-2.532547018
1.007274715,-5.261012601
4.816216228,-7.57957172
9.294308451,-12.44636662
13.69436858,-6.992504219
8.780723996,-11.75564758
10.17413463,-6.245436108
12.62989479,-5.322223306
6.601490953,-8.37961565
-0.8809342505,-4.104345097
11.15771297,-7.362249296
8.812276825,-12.78656215
12.44893304,-12.22288248
13.50963226,-6.971231849
5.911959042,-16.37808495
8.397848281,-7.726185435
11.87552862,-12.22671857
11.96850131,-12.25061814
6.125977657,-7.442779187
1.076042403,-7.693252441
9.155621245,-12.5214223
17.90967129,-5.706113025
3.423798348,-7.725682234
-0.6612603396,-7.20329215
2.411955772,-7.805353241
17.23200967,-4.993202176
-2.44246088,-7.78000508
11.36788206,-10.44543926
0.5397729175,-5.659495302
7.60419716,-8.005035566
11.27634966,-12.27200268
6.337535779,-9.206207528
11.30748219,-12.34110573
13.91444675,-4.614126
0.8260710748,-5.78981862
1.266514702,-4.257121338
11.47770464,-10.35060499
10.1531147,-12.39695758
7.805084477,-12.69842656
6.910278559,-15.08206711
17.04020129,-5.387770198
10.83856544,-5.334710307
12.27506099,-12.7169185
1.120706541,-6.570275812
1.303742766,-6.678113059
10.93730408,-10.58121757
5.181024962,-7.188150066
1.174110122,-5.166420638
7.404873877,-11.60124147
14.00199634,-4.465195575
8.874998837,-11.6811458
12.25883828,-6.582354927
6.893650819,-14.12789466
6.328434257,-15.74088744
11.4862358,-8.969242737
3.643631946,-8.055559916
5.917406267,-7.52032755
1.307028498,-4.925704387
6.491117027,-7.613861737
10.48851,-10.29112355
6.458974121,-7.701169095
6.524019925,-8.027369434
11.98162811,-16.74529183
-0.4245960522,-7.250661959
8.755290652,-7.816920716
7.97686523,-7.884364362
6.686297716,-14.70473632
7.554487863,-11.4186276
12.14517474,-12.08024679
5.371152098,-7.445613931
6.723122936,-13.69989163
14.16016505,-3.99445758
0.8427685521,-5.768747624
12.42530703,-12.43741979
8.673028508,-7.784723861
7.029587406,-10.85631021
0.631023278,-5.69963964
10.44904844,-9.685390766
14.14479901,-3.121206352
7.773852195,-12.12313261
5.819236868,-8.47634861
5.196792503,-7.063073135
15.72573031,-6.184714002
5.919219743,-7.671610585
9.816974463,-12.60876012
8.567720742,-8.412401563
3.304949262,-4.726572664
10.15383056,-7.091600019
0.1263057194,-5.038517789
9.610061309,-11.83437432
11.59459831,-8.676678179
5.416784469,-7.516230906
10.03793781,-12.27218453
7.025085839,-14.1928289
7.236857026,-8.29931919
1.312189845,-4.313927721
-0.4974142323,-7.16330345
9.400377395,-7.235908476
2.621869452,-7.280689765
10.26260795,-12.4316041
3.739957929,-8.151648142
17.74219534,-4.826350043
13.76043382,-2.035927984
7.740296974,-12.54543123
7.532488889,-12.0576047
13.39485982,-6.729636826
13.2670978,-6.998388284
13.89349656,-4.24139118
5.585370389,-7.223378737
10.42949341,-9.776426498
10.72244348,-9.854436647
1.271427867,-1.962735795
6.754960502,-13.56951792
7.364269456,-10.83623094
10.23943352,-10.15695213
13.87030025,-5.680610363
0.7209271503,-5.2784773
9.750330878,-10.1627801
17.14557919,-5.105100323
12.81419229,-13.0403495
-1.509566058,-7.329393865
3.710217804,-7.959636665
8.666352956,-8.067278465
13.83568284,-7.319946291
8.855810174,-8.386981046
11.35022793,-14.41342508
11.09112354,-9.172231136
5.730383395,-8.598309314
11.89165582,-16.58113481
-0.5144675783,-7.325574878
13.11124467,-5.544682383
12.05539259,-8.546736215
3.480372958,-4.927384053
0.9832036721,-5.084999119
2.489217917,-7.825963374
17.28748399,-5.105808659
11.09048728,-12.01501264
10.04430349,-6.454949844
7.621237485,-12.6116381
16.59546819,-5.942044956
1.094007721,-6.187905216
6.718576958,-7.429224495
10.69827921,-9.931983337
6.476164119,-14.94970953
5.999784137,-15.93968614
9.940406054,-6.501071598
6.828235741,-13.7527961
7.61379668,-11.55462726
14.11912183,-3.15798791
10.99292959,-11.69568361
11.24579519,-14.76044799
8.20548309,-12.54752499
12.92162635,-6.076517763
4.04102531,-5.433536731
11.00932576,-11.41857388
10.68999507,-9.444999043
8.381621591,-12.36124664
7.605803677,-7.839519971
14.72749641,-6.212210185
15.06912496,-14.10728188
13.60756635,-5.969996042
0.1419818028,-5.406067217
13.98947817,-2.889945672
13.30074341,-6.744169117
10.1055257,-12.15986655
6.847739682,-13.21986567
1.040338099,-2.284110257
3.41603726,-8.04543781
-0.8943045897,-3.83352696
6.467948614,-7.501506509
11.2478729,-7.246600081
13.90895149,-3.290512529
14.83123723,-6.061544932
4.988057985,-7.434544112
1.741524589,-4.540966538
7.912539685,-12.31111277
11.52103981,-15.94141855
-0.7574977449,-3.855800826
6.44115054,-9.419519585
13.97795846,-0.8906658437
5.638686406,-7.254402527
0.460461354,-4.812574534
7.63537252,-10.55679958
13.97128677,-1.410025825
10.39429313,-10.04696119
10.73987272,-7.355976233
0.6999827089,-5.808051926
14.29305752,-3.789220146
11.62883102,-15.95029624
7.550591489,-11.94509678
1.124831951,-2.244524933
-1.159034802,-6.922719626
0.1416335761,-6.281055185
2.480651527,-7.12942776
0.535103391,-4.705313829
11.06256187,-12.15550926
8.507782054,-7.624898674
6.702369716,-14.63047889
1.577350769,-4.163813053
14.37537803,-0.3158412489
7.091141877,-12.85506406
9.540630318,-7.289195822
12.93303707,-6.439192079
3.723167039,-8.043240946
6.21913262,-8.542035854
3.552579431,-4.46856699
14.69742555,-3.120450312
2.549893421,-7.574275214
12.55205234,-12.53555033
12.88471995,-6.489618842
6.925673841,-13.86592819
14.29898146,-3.254902101
-0.4522435059,-7.371523944
7.38322094,-7.999321687
-0.5553684213,-7.211611492
6.676517307,-13.01882437
10.01866001,-6.297230584
0.8953326006,-5.350165132
11.1575652,-10.43250792
10.6957394,-7.261150573
8.807925117,-12.06834266
11.46705113,-7.553946063
11.83285406,-8.748486724
6.527955364,-10.87817991
11.16871118,-8.971046322
7.043562461,-7.335714211
-0.6028720899,-7.154622294
16.29356809,-5.724942288
10.52535696,-10.05083692
12.79768913,-6.535527575
1.100268705,-2.564763975
5.173458773,-7.344235886
5.49198706,-7.469865453
11.61671068,-8.060649879
1.017664492,-6.508855204
9.907204009,-6.426278102
-2.338195275,-7.903465135
5.322160969,-7.689071093
0.825240378,-5.888278804
8.090218822,-12.48324223
15.53517209,-14.66379981
0.259643583,-6.369640772
6.666712677,-12.94458581
4.150878692,-5.748322212
7.573880194,-10.54564237
-0.8109953539,-6.976603793
-2.419909749,-7.5284681
10.7001903,-9.29283532
9.401453414,-7.485976477
8.62087487,-8.383694942
10.71147611,-7.388920393
7.17876911,-7.778302713
10.82642543,-7.435478631
9.356284715,-7.129968965
6.247501837,-15.51065466
10.21168589,-10.34789227
2.662181523,-7.548661609
6.848022215,-13.77290918
14.82181855,-6.113453201
13.31156086,-5.865898719
17.11809911,-5.049318934
17.58699544,-4.824758112
10.43032317,-9.842411281
16.31021201,-5.700537975
7.115267093,-10.89890451
6.246514064,-9.349255391
-0.2928042244,-6.73732666
7.09982376,-8.277635981
6.458853698,-7.94327218
17.08292792,-5.259554307
3.652627223,-4.818258367
4.293978884,-5.775220891
13.99602382,-4.079982298
6.638692321,-7.606221955
12.61981097,-4.936408567
1.173539726,-3.360904497
7.107822742,-7.911600922
3.454233027,-6.747576058
13.05785417,-13.26147642
1.444197473,-3.944756031
10.31221435,-12.51085505
10.62205992,-10.23746996
16.85647994,-5.648605447
7.471553059,-10.53699032
4.192855045,-5.342752957
13.41654307,-6.207623812
9.136718359,-11.87357352
-2.878013643,-8.034870502
11.26338571,-15.95963949
10.73693987,-9.882531044
5.242067828,-7.000538565
11.27717821,-13.95458536
13.61505747,-13.50153132
11.08270858,-5.151886235
3.584670559,-7.628253194
1.068923005,-7.017466263
5.251734527,-6.896580165
11.98209571,-16.5669785
9.912569229,-12.29752611
10.32478587,-12.30804538
12.74990103,-12.86728451
6.706223332,-8.22295755
6.929665774,-10.96672967
17.34802838,-4.936046864
14.01854584,-1.459252647
15.74079917,-14.9691318
13.87482509,-5.752904986
-0.7120221121,-4.449961094
13.47857853,-5.995631214
1.328443468,-1.753295764
-0.539199234,-4.471876232
2.963524519,-8.413378031
4.022069934,-6.836284831
4.064808522,-6.290922249
7.294556472,-8.214703958
12.51451439,-12.25494326
13.79538232,-5.069591724
14.07655882,-3.747810082
16.63246883,-5.693333984
7.696462643,-12.09721768
13.95564217,-3.160594663
0.277217894,-5.413975527
0.9716074935,-7.717057678
11.3005517,-7.278794156
-0.486685322,-4.628353151
10.43871388,-9.990785349
11.97753778,-8.545517362
8.591359761,-7.590286668
6.777678689,-8.079107322
6.854897056,-14.80361947
13.32150031,-6.438647148
4.31237266,-7.702310299
12.99769197,-6.50114209
10.51183682,-5.646727047
11.26027647,-15.45022408
9.626199287,-6.176424762
13.84921825,-4.393881783
11.55487975,-7.517170726
0.3767423952,-6.056061335
4.373003193,-7.541239617
11.14000897,-13.6662079
6.622495333,-9.56959378
8.525164043,-12.69634808
0.3416416705,-5.554761712
0.9934739986,-7.865831953
16.93618015,-5.106546599
9.441528293,-12.48178629
10.65440416,-5.317976894
10.28824733,-7.362247953
6.86103272,-10.71719735
9.178590261,-7.212328047
5.278825643,-7.550461311
5.555384866,-7.274910439
10.52865493,-10.25406967
7.202847038,-12.8300626
5.041317317,-7.53837745
9.533170393,-7.391271439
12.79255045,-12.82212803
8.719803121,-7.117827582
7.60515301,-12.19496648
7.906568329,-8.15519183
6.806211502,-12.96457902
16.96670319,-5.847426873
0.9980096385,-7.717174907
6.582111983,-13.84999756
-2.165131426,-7.867798787
14.10968315,-13.7722132
6.931234742,-13.42128552
-0.813701895,-4.195784455
6.340286548,-15.6506219
12.74395611,-12.9740128
0.5118874659,-5.703931715
10.02640411,-6.969780984
1.567061297,-4.659128404
-0.008345999302,-5.302097169
7.372883204,-8.014194189
10.06074097,-6.581689067
7.807705149,-12.65339161
7.422193253,-8.177891324
12.49757517,-12.55946347
-0.002038083413,-6.461153046
11.1330515,-16.15215041
4.040770602,-6.988331903
0.6783224436,-6.333728183
1.183142084,-3.588309269
8.966165925,-8.418825479
2.620231002,-7.40528751
9.991827003,-12.26020644
12.32074856,-12.60935489
9.956558023,-10.22457572
8.434585183,-7.769607884
3.883695318,-6.951842857
6.095677383,-15.85551232
6.486964046,-14.80795831
9.705262243,-7.08974953
4.095436029,-6.602006109
13.69240648,-7.268113931
14.52031741,-6.08271979
0.526612855,-5.791572178
-0.1299750213,-4.894257911
0.661810619,-5.1379854
1.341984604,-1.670634958
3.54897145,-6.761102102
7.926734581,-12.70550562
17.25578973,-5.775885539
0.7618002585,-6.1479195
4.066056251,-7.10594926
7.017505855,-13.80943207
11.41440607,-7.560339469
10.57067444,-10.33456993
5.65477261,-7.319743432
7.685530545,-12.5620714
17.00645344,-5.104319919
11.73336456,-8.743171852
5.774664048,-6.9521262
2.965879875,-4.494674293
-0.3336923127,-7.264615873
4.689288867,-7.682075638
16.5407671,-6.02292338
13.43056887,-6.113021804
11.0151365,-9.15171528
11.79265973,-6.904194498
-1.588186075,4.198945521
-1.949137755,6.081182517
-1.602240255,4.602378017
0.0830150205,5.340529314
-1.020579554,4.301500521
-1.498344583,4.73495444
-1.737079741,3.807939232
-1.095127796,4.789281937
0.06198157499,5.592304277
-1.497875911,4.688621421
-1.68923688,2.889601703
-1.562086605,4.252689933
-2.049504579,4.272648295
0.1426903226,5.580992434
-1.233768439,5.435826447
-2.520377365,4.509609695
-1.101986333,6.012093508
-0.2747576314,5.035337272
-2.861080047,7.481831382
-1.489119585,5.704264809
-1.654608705,4.816033972
-1.496649223,4.686400259
-0.8653416917,7.034464346
-1.237140012,4.708850295
-1.495207318,4.688968476
-1.776733871,4.400848758
-1.213343545,5.506092346
-1.498519672,4.705365926
-1.485726978,5.51857004
-1.469832093,4.919632255
-1.224726174,4.725693721
-0.769152861,4.702425537
-1.642918159,4.832101174
-1.481794098,4.970957601
-1.531509196,5.60751101
-2.205755455,4.401952959
0.6611687839,5.854610102
-1.56302707,4.60345231
-1.370156233,5.193506351
-0.8598352213,4.283482655
-1.533031193,5.7738914
-1.766937272,3.150843357
0.1572107035,5.53836737
-1.758266839,4.424010872
-2.334643707,4.328868315
-1.452716067,5.118123501
-3.119050123,4.243072992
-1.662779186,3.399852851
-0.8355194958,4.237608841
0.4021320307,5.546265027
-1.535910706,4.622300394
-3.644266411,3.078618952
-1.697841843,4.826543123
-1.349632318,4.690595343
-2.450703143,4.430165457
-0.9403553784,4.783448425
-0.4778657057,3.600879253
-2.850487599,4.34915463
-1.116318948,4.47314884
-1.547923438,4.763411561
-0.9313852603,7.852701676
0.6082281294,5.781683768
-0.9000899578,6.240626399
-0.5128270191,3.703147732
-2.591630915,6.710488402
-1.591152331,4.826724654
-2.536061604,4.567643772
-0.4934584898,4.947273496
-2.33517227,6.518740838
-3.288609271,3.795650138
0.5267758211,5.675050053
-1.287794624,4.66332
-1.44627487,4.622678889
-1.178051253,4.595191886
1.161898119,6.257923336
-0.7169590704,4.093109038
-1.44068382,4.629833252
-1.491252879,4.693748055
-1.375726629,4.712936653
-3.253789972,3.857070489
-0.3339279224,4.74494902
-1.801805701,4.943789806
-1.497763671,4.689617698
-1.388071677,5.350330498
-2.053908916,4.324924269
-1.156305202,4.795951581
-1.084410727,4.403353917
-1.50842115,4.771717062
-0.3917398865,4.953401065
0.2591626162,5.525913509
-0.4489926637,4.912903085
-1.76296971,3.675014123
-1.519010914,4.65962608
-0.7870456954,4.177136502
-1.019403981,5.927968785
-1.433851225,4.689787319
-1.491755152,4.798830522
-0.7516343412,4.847527601
0.07959911853,5.524034858
-1.958841794,4.407993371
-1.465135491,4.876886131
-0.899611291,6.46174845
-1.069375211,4.754094746
-1.138302259,4.547820354
-1.71160117,4.828806054
-3.574538865,3.274239342
-1.359358074,4.700581805
-0.8954499265,4.776736465
-3.609895005,3.393050997
-1.265369713,4.688406299
-1.221724521,4.578132128
-1.488517106,5.744921537
-1.72797455,3.194539535
-3.252641279,3.938565348
-2.565473852,7.26593821
-1.445027436,4.685507364
-1.502623875,4.980689124
-4.797000073,4.810192884
-0.1856848446,5.193362064
-3.970772349,4.490065323
-0.9348390939,4.279898661
-1.793281543,5.811267317
-0.914169006,4.796747693
-4.264354028,4.328931651
-2.664330314,4.444669441
-0.3243930819,3.681850864
-4.072960582,2.762339381
-1.427000761,5.478272827
0.02780088672,5.205550741
-2.143924585,4.331742399
-1.376122195,4.701144138
-3.957731012,2.879234678
-4.872978393,4.234038835
-1.723337153,3.655866969
-1.73775771,3.845598905
-1.467172439,4.663357424
-1.581961945,4.800487153
-0.009599790616,2.61119731
-1.009744149,5.986586718
-1.464440299,4.650356783
-1.081884586,5.805905164
0.8955319741,6.056899169
-1.446286214,4.645319401
-1.247446936,4.619911396
-0.5381029216,4.800223487
-2.978920546,4.443814863
-2.421477009,4.395995477
-1.706999478,3.743069528
-0.8445678861,6.427321358
-0.3988164154,4.905491719
-4.778459309,4.401279198
-0.9432983482,4.750222602
-1.324318271,5.348360284
-1.475919437,4.826714066
-1.409491505,5.217376381
1.084508892,6.041183742
-1.633236192,4.498199306
-3.321942717,4.554229194
-0.3249588324,4.696930969
-2.853345293,4.458250295
-1.858891387,6.005405264
-1.485210432,4.698144956
-1.61864037,4.589150499
-1.243620759,5.599270217
-0.9653583011,4.271367786
-2.15872378,6.369821303
-1.026295206,5.871567681
0.6107693539,3.42274016
-2.701108599,7.223950616
-1.666675268,3.038386964
-2.297401551,4.355709846
-0.8214166238,6.318449894
-0.4821856585,3.55643726
-3.164412034,4.55161695
-1.770019696,2.510892617
-1.649580721,5.773291023
-1.586783469,4.460371698
-0.9644893776,6.636211009
-3.822259405,4.54868458
-1.180813707,4.796341681
1.469247417,6.857170228
-1.307409371,4.626933761
-0.9598521075,4.729134515
-0.6537103625,4.894485612
-1.604990545,5.780422137
-1.889668217,5.006684146
-1.141987212,4.77908634
0.8414942456,3.271977547
-0.07424565399,5.268033636
-1.569294293,5.744109967
-1.353645614,4.666888835
-1.649442104,3.291272585
0.2576941526,3.569160714
-1.719368647,4.420206371
-1.434235298,5.138734773
0.03024906795,3.660035462
-1.711724409,3.627374009
-1.311522984,5.409595477
-2.477022556,6.65222619
1.720477468,6.834801573
-1.326218715,4.669192177
0.1485390895,5.530538797
-1.622716497,4.532488104
-1.839932729,4.466666515
-1.548813646,4.757603081
-2.621791013,4.426668553
-0.06735802224,3.604739561
-3.749932598,4.578194036
-1.481033694,4.696125847
-3.028950676,4.302522995
-1.142074228,4.575833105
-0.1876788764,3.078592777
0.4601055983,5.731180711
-0.6099849229,4.920816735
-1.999117306,6.120892396
-1.512519642,4.669555191
-0.7818262717,4.152913912
-0.7023085322,4.886155496
-2.98654122,4.261025917
-4.437977911,4.365386758
-1.105629148,4.776628422
-0.8538972755,4.734722526
-1.862000024,4.308427492
-1.465789227,4.688175882
-3.084471819,4.454935421
-1.650241045,4.61390098
-3.190015242,4.036157608
-2.253352715,6.463075836
-1.778847342,5.828463088
-1.668074978,5.735212459
-1.356089874,5.343587316
-0.916041504,6.528617876
-1.485257558,4.700039441
-1.396203338,5.45611506
-1.605907593,4.615611319
-0.8028392865,4.700902638
-1.512616108,4.759424557
-1.793371181,3.732407811
-1.37711807,5.209784536
-0.2496710459,5.098750468
-1.062154643,6.042496946
-1.446195154,4.629894143
-1.943943744,4.381370946
-1.281657467,5.600604406
-1.638532156,4.518653804
-0.62397436,4.063658104
-0.3555432584,3.663127678
-1.829266171,4.407198875
-0.3406356676,4.780860451
-1.589106957,4.56771674
-0.9565487187,4.760623898
-3.145833833,4.470133956
-5.314557982,4.216727211
-2.289429609,6.320642093
-1.212190021,4.743301047
-1.690698302,4.862508703
-1.505488392,4.754163667
-1.680687782,3.877948025
-1.078025517,4.373803128
-2.028167585,4.354165671
-1.52970505,4.666264218
-2.806052793,4.465194355
-3.172103429,4.101134753
-0.8435521162,4.783716981
-1.526888856,4.622017176
-1.494011574,4.750563597
-1.446129027,4.635879488
-1.842161311,4.388026729
-1.512899301,4.764612154
-1.644033206,4.841260837
0.11650389,2.400074015
0.1086030895,3.642325064
-1.040952756,4.739873306
-0.6793987856,4.927390702
-1.472029685,4.643611048
0.3885028573,3.439373416
-1.023620264,4.74211062
-1.446269227,4.611416149
-0.7016882972,4.135919579
0.4706303186,5.608362199
-1.441787361,5.561304038
-1.302724516,5.351604259
-1.413452304,5.132356271
-1.47773143,4.812099712
-1.454069994,4.622674983
-1.691135878,3.383302149
-1.367806079,5.273439465
-1.591561164,4.399965357
-5.007348814,4.251758469
-0.8488239605,6.346156521
-1.532595545,5.593730119
-3.134863945,4.152015973
-1.170355735,4.784023177
-1.490707487,4.681054637
-2.5795242,6.825247443
-1.433528889,4.602787991
-0.6384356568,4.966228347
-5.036014965,5.003478594
-0.9591848891,6.74137296
-1.491263265,4.707047467
-2.019483848,6.186589148
-1.358226281,5.165611708
-1.600027657,4.622187738
-1.137090227,4.745310951
-1.419455206,4.689751756
-2.549545194,4.461560104
-1.143709886,5.661400397
-1.495209513,4.692377566
-2.654834409,4.433389138
-1.306383543,4.670505681
-0.3000530197,4.825316551
-1.429385055,5.489051843
-1.237127458,4.688196692
-1.607743146,4.829824632
-0.3809171325,4.736172103
-1.134184001,4.768987572
-1.466843708,4.898077781
-3.043880793,4.229655056
-1.625614124,4.470340097
-1.504875594,4.679142081
-3.514505722,4.458406548
-4.340235249,4.391472867
-1.293668446,4.635735513
-0.8962820918,7.122645601
-2.760833041,4.383235331
-3.461170332,3.661104861
-1.40457514,4.679056048
-0.1199180501,3.017074601
-1.390483102,5.242031516
-0.7805958269,4.902072431
-1.341680409,4.69833966
-5.530169912,5.240888974
-1.596753829,4.538851284
-2.548736777,6.724154897
-1.505387811,4.715170865
-3.740623318,4.555425421
0.1074524643,2.245986814
-1.498320607,4.715252352
-2.777605835,4.501321507
-1.389431628,4.692563456
-1.508698434,4.678795255
-4.192288738,4.378043704
-1.466364322,4.809423847
-1.435568801,5.06785407
-1.51116215,4.816244693
-0.3527301044,4.989847762
-1.50446322,4.797306801
-1.357786373,5.354880183
0.6132410078,3.285139466
-1.474232478,4.699223839
-1.044552521,4.711115895
-4.3235666,4.532074713
-1.199795354,4.761411214
-2.834176635,4.32122024
-1.055508408,5.855317827
-1.113687583,6.16124069
-1.434589698,4.607874066
-3.071123821,4.279449787
-1.829162676,4.966825076
-1.567803332,4.401506974
-0.4734159727,3.723692248
-1.472604129,4.792840155
-1.516471232,4.666276416
-1.043495059,4.776173509
-0.569969367,4.851309672
0.3432888344,5.634129733
-1.50065404,4.750113179
-2.707878245,4.470957731
-4.11905436,4.420032378
-1.130259817,4.788147973
-0.3482034312,4.895071692
-0.9227412926,6.726952867
-1.63424473,3.889893462
0.429462737,3.496082745
-1.589511091,4.263176028
-1.471166739,4.993704865
-3.388753236,4.54160329
0.1529724849,5.445008867
-0.3140765159,5.027458303
-1.052383441,6.101790697
-0.06061116879,4.519974476
-1.670515503,4.612350742
-0.8401026938,4.764077514
0.9625007483,3.19183175
-4.395773364,4.59956994
-1.469429326,4.702894582
-0.2621305832,3.138676617
-0.1520328445,5.231444368
-1.32948416,4.718503551
0.721265783,5.92842359
-0.9483102002,4.259889948
-1.570160668,4.770604437
-1.502924261,4.730937987
-0.574835984,4.050515488
-1.602359778,4.435053516
-1.733833814,3.567883674
-1.485216998,4.673845187
-1.441521615,4.640028898
-1.36312393,5.310225946
-1.05378129,6.162617388
-1.618009908,4.50214161
1.552920604,6.727052701
-1.220893836,5.598473039
-1.571586241,4.808425094
-0.9201777878,4.238899058
0.3025060595,5.578985468
-1.494629577,4.690703277
-1.623569429,3.246944347
-0.9716720248,6.709814485
-1.093676396,4.45930897
-2.444424547,4.449997784
-1.493477267,4.742683989
-3.321368846,3.732143563
0.8461113102,3.352270891
-1.496365406,4.683639642
-0.5066105674,3.695760096
-1.630325473,4.617073352
-1.824786418,4.972022375
-1.307330361,4.684803549
-1.473831377,4.665744837
-2.952093204,4.428183742
-0.4670745534,3.588055038
-1.454771336,5.472130039
-1.804115118,4.427930485
-0.759002266,4.223526706
-1.094192652,4.77699756
-0.9509367957,7.328334928
-2.533033822,6.596381946
-1.202684956,4.790156484
0.009836253149,3.584012294
-1.475982684,4.690245892
0.05875656747,2.496754817
-2.40720936,6.582204194
-1.285191181,4.622501163
-1.631232039,5.754625745
-1.694498908,3.164690194
-1.578077257,4.169452264
-0.3242493199,5.159982965
-0.8216891716,6.249617781
-1.529396128,4.760572066
-1.481133598,4.700142026
-1.643286268,4.817412303
-1.422794716,5.482510151
-1.439482853,5.018121288
1.391380797,6.391498189
-0.7567780729,4.878133347
-1.569318272,4.222934354
-1.515439289,4.67307396
-1.708631157,4.846864653
-1.346314584,4.713284781
-1.456684623,4.714368078
-1.490025372,4.676001571
-1.62841214,4.492817476
-2.222548808,4.364030588
-1.927524791,4.425518533
-0,2.000000016
-1.903694237,6.043024916
-1.448112367,5.045983019
-1.583866209,4.437355622
-2.497509896,4.491081453
-1.528086961,4.657875428
-1.761564343,5.925570666
-1.478400584,4.65881025
-1.715652224,2.804797563
-1.822949974,4.447193631
0.1508731527,2.000000016
-3.254361969,4.558769857
-1.500102858,4.689742053
-1.409872578,5.241728096
-0.6560056685,4.119624315
-1.612119446,3.313056374
-1.169361635,4.755846426
-0.1018836394,4.487526045
0.722636846,6.032302951
-1.43896963,4.959384972
-1.357896428,5.256802156
-1.77901771,3.641796483
-1.517227408,5.550959166
-0.938179255,6.794460057
-1.199888144,4.576871607
-2.413628162,4.380214267
-1.563371057,4.776302225
-1.485139626,4.695298552
-2.158084339,6.280001195
-1.19876158,4.596387406
-2.116792694,4.358695854
-1.548522653,4.619387738
-1.593308172,4.426888462
-1.465996423,4.637512112
-2.652711054,7.067609467
-1.262584366,4.623962803
-1.535582852,4.632744072
-1.558967285,4.759159227
-1.470391851,4.711654845
-1.673457324,3.955820678
-1.479690965,4.652230481
-1.35252761,4.67642227
-1.505479405,4.72311469
0.6710180544,5.990561475
-2.22463555,4.410313725
-0.4748215887,3.644056597
-1.498504842,4.687253284
-0.7978423561,4.230251986
-2.61282922,6.933061963
-1.152733505,4.533781655
-1.733501018,4.869548264
-1.634591196,4.057594215
-3.508942253,3.518301907
-1.692446332,4.844202812
-0.4548124924,3.620277768
-1.172447957,4.572311216
-1.47893387,4.665327304
-4.915108059,4.905704029
-1.46224354,4.796027005
-1.691191221,4.610769824
0.1757920019,5.41973197
-1.357463089,5.218190558
-1.514337601,4.679136767
-1.587046744,4.349415094
-1.495681953,4.690338758
-1.670689531,4.445811247
-1.815534966,3.659438582
-1.400510649,5.212721764
-1.465355499,4.642802474
-1.242594341,4.580274368
-0.2682437161,4.642210168
-0.8709623224,4.249068563
-1.669092482,4.860445563
-1.812694742,4.344508805
-0.9769401383,4.307117572
-1.715213384,5.748708076
-0.3259004818,3.439578695
-1.425299557,5.009986832
-3.207877122,4.048237312
-1.556081108,4.268396226
-1.51066215,4.695731636
-0.2493827614,5.249649686
-1.77161353,3.723693166
-1.528996752,4.64343421
-0.4190455363,3.641004735
-0.3298255542,4.809884973
-0.3542173418,4.691465895
-1.020879118,5.988421684
-1.447380343,4.983141419
-1.812372952,5.827292724
-0.5011316677,4.046328572
-1.242580913,5.628915436
-4.255779298,4.493943225
-0.5180428587,4.7947828
-1.656365359,4.830464186
-1.777750497,3.771407608
-1.486686779,4.69169261
-1.509565232,4.67200657
-3.21930229,3.917949086
-1.465194031,4.976834676
-2.025500506,4.299916223
-1.459011502,4.785519507
-0.4449737297,4.940111975
-1.430784904,4.620419847
-1.665622162,4.841037493
-4.461281742,4.452704433
-1.25601564,4.708838822
-0.3145810058,5.088348891
-1.461483293,4.941193928
-0.531029429,4.012171506
-1.697063541,4.438141069
-1.535894926,4.643650761
-0.2155667569,5.140287873
-1.836475935,4.361545975
-1.09830219,4.524168964
-2.56519902,7.093549305
-1.735328041,4.441336411
-1.624475638,4.607906061
0.6181367259,6.025109858
0.9605575559,6.141406339
-1.286147799,5.436228391
-1.619911592,4.07654432
-0.2254532101,5.189608926
0.5106351835,3.437453702
-1.879730977,4.365188534
-1.74327038,2.715863966
-2.000752436,4.380807135
-1.563604558,4.174412784
-2.259019904,4.380181265
-0.0208480976,5.2092771
-1.705653727,4.864968351
-1.563283168,4.76430213
-0.09976104689,5.220320723
-3.897761385,4.522609318
-2.60735835,4.485728409
-4.541343376,4.337800002
-0.2017948055,3.646170852
-1.670385777,3.838908825
0.1008223784,5.627369039
-1.806361063,4.403581571
-1.2964964,4.685520983
-1.637642981,3.356786423
0.1051366945,2.524457609
-0.5281585004,4.914975596
-2.942254222,4.341519441
0.7357418119,3.278058572
-1.447581499,5.521471864
-0.833591204,4.714696083
-2.687987048,4.405480819
-0.9174693216,4.738385585
-1.463555193,4.85756354
-1.530753887,4.751712876
-0.2815356166,4.791899501
-1.575165556,4.825996966
-1.756558584,3.995978149
-1.493759615,4.709754888
-5.197972989,5.060818534
-1.73643547,3.772151382
-1.505210827,4.682837145
-0.675389145,4.969728095
-2.113960344,6.318448177
-1.183551576,4.604955739
-2.584594606,6.688403993
-1.486775466,4.69525786
-1.605157502,4.566773551
-1.596806159,3.262565031
-1.691247914,3.919005102
-0.7692546638,4.804528131
-0.9917863384,4.28344382
-0.1027100568,2.9243334
-1.466410652,4.709951953
-1.660146949,5.762904017
-1.92047909,6.023035118
-1.589120207,4.095547438
-3.011072347,4.212923502
-1.382753208,5.298534194
-1.400526176,5.420354409
0.1265549585,5.374323321
0.5390509608,6.076778101
-1.342684155,4.689780519
-1.610136137,4.548994815
-4.49063071,4.641880425
-1.4742277,4.670588129
-0.4529096075,3.807591611
0.120817304,5.561245876
-1.358917786,4.713707541
-0.2798518804,5.060759403
-1.955573137,4.353630314
-1.66578284,3.340362278
-0.8559684046,6.284271346
-1.540748985,4.754821023
-0.9057567899,4.26031865
0.3511212718,3.552667033
0.4168975015,5.619235028
-0.3379920911,4.85226262
-2.795296981,4.410372656
-2.515432327,4.468961673
-1.919080849,4.448832675
-1.475917938,4.843025333
-0.9156814571,7.60533078
-1.133403958,4.491514031
-2.20893255,4.445773888
-1.898170723,4.414887044
-1.452821594,4.705860184
1.084564294,6.141337743
-1.465298663,4.62653472
-1.487929356,4.698077322
-1.699000292,2.975657643
-4.650972497,4.308541567
-1.57186712,4.123255429
0.5197194862,6.141959171
-0.08263445142,2.095516811
-1.344362987,4.67546479
-1.624948075,4.831650836
-1.61703109,4.625556769
-1.50797446,4.69074976
-5.489397032,4.240875794
-0.4947917646,3.96448786
-3.522513043,3.680756824
-0.180983986,5.14355162
-1.733761594,4.021768849
-2.431753511,4.490022044
-0.8584860088,4.760848719
-5.099182655,4.408746322
-0.2272564995,5.208716637
-0.4372171817,3.599367485
-1.419862693,4.6921571
-4.595259774,4.692208824
-0.4837451315,3.860098631
-1.865480198,4.383779271
-1.094677164,5.75237114
-4.223531271,4.269029781
-1.498430542,4.688650906
-1.260695102,5.494286669
-1.24389262,5.476777037
-1.48153153,4.668848889
-2.397183284,4.479077667
-3.579096788,3.478267521
-1.65541272,3.860031506
-1.500657299,4.777005737
-1.700961609,3.466682703
-0.6701001434,4.080111444
-0.6873795965,4.868200635
-2.772767306,4.438984959
-4.04370813,4.455402628
-0.9427707844,6.231896363
-1.423762679,5.061082979
-1.53186461,4.665141449
-0.8829679292,4.763392856
-0.9325788281,6.40903864
-3.482530131,3.59443122
-5.192265549,4.321412132
-3.612407826,3.536640351
-1.38548954,5.389611592
-1.684521535,3.872539701
-1.646514063,4.45264173
-3.378437465,4.48701694
-0.2863834645,5.127915521
-3.646925383,3.30451525
-0.1376550167,3.621538254
-1.680437073,3.995721256
-0.9525364026,4.291813586
-1.071403393,4.341801193
-1.268136692,5.487145618
-1.240624782,4.599461925
-1.063757547,4.345680269
-1.624633365,4.462461346
-1.276974838,4.646428605
-0.5167730242,3.910637554
-0.3657547475,3.562944705
-2.40802855,4.438475397
-1.241456728,5.535388702
0.9590111204,3.345778875
-1.013294763,6.034445174
0.04248421436,5.392748893
-1.248157183,4.596949038
-1.590084577,4.377209701
-1.490107241,4.785086689
-1.829467801,3.706459936
-1.475331426,5.502974517
-1.594199572,4.293200908
-0.3087271814,4.802026935
-1.069009597,4.776588229
-1.591763454,4.813298731
-3.235310445,4.566551548
-0.8078661153,4.812095731
-2.954722079,4.485346146
-1.383901704,4.713210876
-1.280229143,4.674809465
-1.168568541,4.550059467
-1.106026214,4.788930166
-2.95486525,4.392448685
-1.499971376,4.729973554
-1.47929784,4.805445581
-1.537155658,5.704976641
-3.196810929,4.508000035
-1.825459772,4.431301353
-1.966107296,4.390662323
-1.573122154,4.789047911
-0.7625349993,4.109366241
-1.740148808,3.481396678
-0.8740029477,6.587803042
-4.771492332,4.300231997
-0.9829172098,4.740637524
-0.4347667206,3.677761441
-1.472821122,4.637078311
-0.3587705468,4.647115388
-1.425225785,5.168090359
-0.5485714804,3.923617426
-1.328957811,5.379243715
-0.3171075665,4.654897441
0.08628965637,2.074651792
-3.096083477,4.201094621
-1.496249534,4.994333041
-1.011009308,4.319149745
0.7889784632,5.936628238
-3.928249499,3.007388558
-2.721951659,7.291281057
-0.9248671525,7.21869938
-1.508047747,4.764877003
-1.488854878,4.686824966
-2.650104493,4.45664492
-1.716166588,3.42618783
-1.717935271,4.608266365
-0.8398314363,6.944965764
-1.58808294,4.550290743
-2.788802908,4.347714077
-1.694081455,3.584085359
-1.821565626,4.315752593
-0.5273802024,4.839758646
-3.502620383,3.74285086
-1.146136917,5.764668047
0.6547171096,6.242198555
-1.682792225,3.103447831
0.5620403958,5.815192867
-1.212573305,5.65029277
-1.555231372,4.149983367
-1.388387176,4.598885428
-2.535371822,4.491103607
-0.8800879554,4.791106496
-0.4253812817,3.568128545
-1.557425732,4.769217643
-0.8895357642,6.868981006
-1.026349977,4.763257733
-2.987368835,4.345019078
-1.389939998,5.185045251
-2.37413501,4.353673391
1.03440615,3.246363845
-1.609867864,4.068763997
-1.470709819,4.694120421
-2.735405422,4.46809239
-0.8886375938,6.184636215
-0.838099636,4.810675576
-1.842138592,4.291546848
-1.890415954,5.96786131
-1.418900157,4.601532984
-1.154252041,4.767521448
-1.393536504,5.316638265
-0.7172373777,4.843374774
-2.739279552,4.505310942
-1.420824462,5.108335659
-1.164470353,4.579004107
-1.22246743,5.553611091
0.596515077,6.164735293
-1.257935414,4.641332861
-2.056608385,6.252627729
-0.7759081834,4.823376786
-1.691966198,4.620905201
-1.508380102,4.737158898
-3.679125706,4.607144465
-0.3449669015,3.503361335
-1.594194784,4.616972603
-2.242284982,6.279401761
-3.611960984,3.184766984
-1.811479387,4.930908208
-0.5629855569,4.885398654
-2.280471616,6.235748023
-1.121960492,4.531021643
1.159205519,3.13072421
-1.572408937,3.22076472
-0.6054162215,4.894091424
-1.813833272,5.869124249
-4.293587766,2.720266913
-1.344886239,5.287091169
-1.501270091,4.759198308
-1.498377412,4.689650326
-3.390399791,3.696989706
-3.249651894,4.547238417
-1.003942338,4.727472295
-1.712650199,4.015796758
-1.403077033,5.381009363
-1.298752873,5.619084766
-2.301237497,6.307143693
-1.001101575,5.826275791
-1.712499782,4.458578461
-1.259079874,5.462203141
-2.182175092,4.346151694
-0.3830301953,3.708858299
-1.107132166,5.700249796
-1.529338496,4.632548046
-2.979965366,4.430345845
-1.671850126,4.629805336
-2.08823211,4.35181541
-1.852842916,4.374092129
-0.8989933279,6.659151527
-1.08915314,4.431959378
-4.358720797,4.469580216
-1.592628407,4.603495123
-3.028976332,4.472980187
-1.607040118,4.472652216
-1.814007898,5.925407953
-1.021439184,4.725213766
-1.743324737,3.61449481
-1.479353505,4.670455487
-1.591434007,4.631799314
-2.573401929,4.414843543
-2.478354228,4.438919345
-0.5427016697,4.783267691
-1.486951462,4.682855873
-1.519468133,4.759050501
-0.07673609312,4.529610026
-0.3215897459,4.878317673
-1.429594546,5.03536261
-1.505649047,4.739554078
-2.782796776,4.551190602
-0.8563430221,4.781470421
-0.4436705697,3.670269147
-2.983517207,4.394671279
-0.643372551,4.887602776
-1.505321777,4.709443804
-1.041574196,4.76129256
-1.814139513,5.967828415
-0.5020945347,3.778707035
-1.215160951,4.771927486
-3.804867198,3.112383091
-2.393757675,4.409781798
0.5563526441,5.710180469
-1.715521652,4.005646146
-1.443180353,5.097830559
-1.178247693,5.690723169
-2.537949833,4.448683964
-0.2851354423,3.300089947
-2.498206985,4.536972273
-2.896921568,4.490356679
-1.505208875,4.803525681
-2.242956789,6.373768332
-1.577239867,4.602845747
-1.490128046,4.690500634
1.477065581,6.554354363
-1.581628796,4.22592625
-1.456282606,4.687646048
-1.72021833,3.534476802
-0.2531464129,3.140222829
-3.568966351,4.505519528
-0.2218940242,4.618193631
0.2017437491,5.489038666
-0.1284400372,4.560506041
-1.049223266,4.317032501
-1.015567176,6.210643552
-1.605225649,4.458075989
-0.7694958141,4.865480063
-0.1853267931,4.569552884
-1.50044038,4.686010493
-0.08449515513,2.822187488
-4.562858432,4.418415277
-0.646420847,4.905434244
-1.40464302,4.68984495
-1.535570518,4.653984681
-3.216606487,3.996837965
-4.999992466,4.800736945
-0.234023221,4.594785405
-0.7506940471,4.184969465
-3.445268083,4.474387237
-1.606292052,4.586080525
-3.734841047,3.014090964
-1.759024302,4.888956013
-0.01668524353,5.26362469
-0.3062966171,3.374062969
-1.775883018,2.625969225
-2.879943151,4.294497053
-2.092472302,4.334214457
-1.4716743,4.689370978
-1.562802079,4.796943293
1.382981112,6.801695944
-0.07180445472,2.712794527
-5.13955776,4.301558383
-0.2672327177,3.222070487
-1.500947112,5.605101797
-1.407909467,5.080851274
-1.40957942,5.195224011
0.7662181841,5.964774298
-5.330707226,5.208165911
-1.448030288,4.93598485
-1.489763288,4.700574569
-1.755861721,3.519949791
-1.372306442,5.267206408
-0.3130373548,4.836552953
-1.475088281,4.695009566
-1.59879894,4.322440215
-3.237614484,3.847907086
0.6798946479,3.342713269
-1.403803483,4.598743361
-2.270019089,6.457702195
-1.783733005,4.910071525
-1.503975846,4.686330278
-1.659375586,4.029516491
-0.8313068814,6.363484379
-1.73883893,5.794879863
-1.452023303,4.996255672
0.6292835319,6.042171667
-1.039670739,4.729941502
-0.265777363,3.661461308
-1.280414195,5.636049109
-0.2704637561,5.185361058
-0.8823137916,7.446011871
-2.617469166,4.447917971
-1.852429745,4.996495915
0.1688246922,3.588468578
0.03055882166,5.299814853
-0.8728885338,4.715466093
-0.9835597563,6.185175451
-1.537894563,5.655113606
-1.271283014,4.694868706
-1.138042214,4.515377363
-3.628389769,3.191638379
-1.428435917,4.609157567
1.306289719,6.251810632
-1.147459048,4.758730085
-3.830185303,3.062053939
-1.621136108,5.796846282
-1.561400712,4.617544981
-3.623403644,4.555695697
-0.3447557685,5.058988379
-5.74999522,4.230250596
-0.1778357205,5.110192501
-1.658347946,3.205233019
-1.503766713,4.688642405
-1.704716799,4.464456901
-1.539627265,4.76214009
0.8126634339,6.002332195
-4.209021547,2.631993108
-4.682762868,4.769620773
-1.70042626,3.808599087
-1.869617563,4.406493739
-0.3151307809,4.830932227
-1.521828788,4.674235012
