0,1.622766246
0.9991666311,-0.6981649842
1.574553701,-2.211676026
2.598492651,-2.232316085
2.715677846,-4.538906042
1.409383396,-2.023939004
2.19166465,-2.523931146
0.6732997981,-0.5517091252
1.940538855,-4.123440368
0.468759672,-2.076715805
0.9726031539,-1.79148663
1.669532943,-2.144466408
0.4518930683,-2.064632441
2.266880795,-3.021450212
0.8203764817,-0.7112891589
1.497755844,-2.014073331
1.500782056,-1.239788227
1.779688834,-1.977638998
1.590894326,-2.274629772
1.343091002,-1.215606326
2.501668735,-4.260777425
1.362605502,-4.635115073
0.9929049531,-1.868281727
1.072371624,-4.859480793
0.5324916348,-0.8280848588
-0.3442972095,-4.933492226
0.1898834762,-0.5494180143
2.621849028,-3.098006527
2.835618173,-3.147440255
1.262625364,-1.040568459
0.9938064445,-0.8791100506
1.609262495,-4.292005399
0.8784216984,-5.00462888
2.237332935,-2.556292585
1.140711309,-1.429700734
1.620487512,-3.31146035
-1.701511715,-4.750219689
1.470412624,-2.396439832
1.376213038,-2.037705535
2.280666227,-2.327551634
1.900643589,-2.456497439
1.422650339,-3.759299708
-0.8550772376,-4.48088697
2.777358992,-3.124613625
1.796972759,-2.0321463
1.861340824,-4.086694429
0.752403201,-1.638633312
1.066871638,-4.844846581
0.1985939513,-5.299289748
0.7763109189,-5.159046589
0.4811119409,-2.023847181
2.259578587,-2.4222664
1.72335652,-4.178579473
0.4343173388,-5.004631789
1.165798942,-1.280531787
1.681711201,-3.352417034
0.9017571419,-0.6842872599
2.925948443,-3.163897134
2.335509467,-2.998563334
1.945760137,-2.86064773
1.486351372,-4.101696421
1.821084431,-2.038838165
-0.6943538176,-4.766982995
2.427334486,-2.415237241
-1.794057618,-4.506766829
2.328216179,-3.627249308
-0.4837504977,-4.990327477
1.533142602,-2.264691787
2.49605981,-2.278246067
-0.8660321117,-4.723249956
0.627505624,-0.6160724829
1.999365635,-4.10124253
2.298391577,-3.842338813
1.884544269,-4.060737346
2.295522753,-3.655900345
2.403185223,-2.727608995
1.184459452,-1.279308442
2.414869616,-3.013533527
-1.587148876,-4.790813075
-0.3425442449,-4.970264094
0.8090591932,-4.922066511
1.970151024,-2.291792773
0.5679499687,-1.924560367
1.460187102,-3.956033565
2.35526404,-2.795796382
1.928946423,-4.053389423
1.47269578,-4.528880738
1.563212893,-1.97084678
2.155837496,-3.639802907
-0.7021136074,-5.471226789
1.53753424,-4.368411314
0.9233264402,-0.9062968371
2.37539315,-2.752794318
1.500484532,-2.361087317
1.294792107,-2.100131045
1.198233363,-1.149724703
2.210560048,-3.580403855
0.2261189136,-5.28074072
1.08214921,-4.885496727
1.156197209,-1.02208365
0.6921651778,-4.922881512
0.777596715,-1.455741295
0.7578741821,-5.034270379
1.811919438,-2.408994605
0.4893785229,-0.5667837087
-0.7340910806,-4.713532811
1.196639897,-4.893470467
-0.7793970731,-4.967721035
0.03828130093,-5.282822884
2.200956928,-4.067422135
2.89622819,-2.286153591
0.8318446369,-1.563680416
2.677575007,-2.246502726
1.243508009,-0.4722039664
-1.801086661,-4.607545642
1.824648858,-4.238963611
0.09363609983,-4.907078885
0.5545384471,-5.108331137
1.28879864,-1.223379432
0.3968867965,-6.268570187
2.213618049,-2.344377231
3.116957896,-3.183840482
0.4792645906,-1.940525903
-0.7283089331,-4.462714591
1.750302981,-3.291459225
-0.4505242677,-5.02291416
0.3491349046,-5.472505407
1.325615967,-4.748518801
-0.6730551067,-4.926128651
2.808328772,-2.306619464
2.616616519,-2.939878094
2.008172013,-3.1023493
-1.17542756,-4.697320752
1.069470997,-1.415625332
2.358162995,-4.150254779
1.654542396,-4.236926279
2.244140413,-3.538776462
-0.2105379644,-4.972493032
0.5608674853,-5.062696027
2.434260079,-2.98227242
1.704112489,-4.267532154
1.587267268,-2.323257073
-0.750110776,-5.098645967
-0.7342205501,-4.480547526
2.260132299,-2.181075392
1.682163575,-2.135676803
-0.8651763462,-4.623332873
-0.03632768357,-5.113150172
2.950701777,-2.148985471
0.2777798999,-2.06031967
-0.8721545834,-4.460645303
2.25698574,-4.076468808
-0.6599756837,-4.971275125
1.223354174,-1.203823446
0.4015500994,-0.5605987491
-0.709191687,-5.013785013
3.441074468,-3.165231901
0.8342235587,-0.8884480247
3.538401612,-3.118268318
-0.7786890499,-5.182673655
2.340913796,-3.872065202
3.636422702,-3.05883574
0.8214540322,-1.536754163
1.415388497,-4.414152294
1.176003983,-1.12235389
-0.3365121388,-5.053189011
2.080733712,-3.225523945
-0.6715127315,-4.941367197
1.162594556,-1.231653114
0.6026747273,-1.97328802
0.4333915808,-5.342057424
0.5560460597,-1.995532735
-0.1459954097,-4.800174685
1.225757329,-0.3877255835
-0.7408662748,-5.245877038
-1.478493632,-4.749279881
1.521902376,-3.900763004
-0.004303593945,-4.951998445
0.5998101995,-5.15125824
0.09109511539,-5.029471147
0.6088021659,-0.6997644924
2.221650901,-2.411330643
1.397941707,-1.932300314
1.967968008,-4.165071825
2.640207488,-2.786583592
2.269754662,-3.540481166
1.771779864,-2.45474349
1.015235031,-1.48051416
2.261992779,-3.873654824
2.25670214,-2.562216176
2.497727286,-2.22255525
2.390741931,-3.049494696
0.1893689567,-5.009565064
0.9305900099,-5.016584517
-1.121638885,-4.786052839
2.23797854,-2.653770383
1.58657353,-4.227542608
-0.8289441764,-4.576415466
0.4933036826,-5.247277371
-0.8472704671,-4.459670006
2.304365684,-4.107063436
2.253805655,-2.395923217
2.241544802,-3.176337602
1.637433575,-4.759146293
-0.6749728726,-4.580944229
0.5700501197,-5.110482418
-1.669308441,-4.807689856
2.067608382,-4.053651194
-0.06025113621,-4.891890152
1.607873731,-2.029452835
2.314907838,-2.265369355
1.272556486,-4.486770603
2.105707343,-4.092946926
-0.0420043175,-4.857841131
2.032442841,-2.311936247
2.399619952,-3.918643468
2.266342004,-3.067539755
0.9357877196,-0.8721055266
2.101561214,-2.954313172
1.144004144,-2.036182414
0.840006043,-1.606237252
0.8512725127,-1.960938207
2.355761616,-2.606738873
1.224977102,-4.795805563
2.234583256,-3.706012376
1.55575206,-3.470364822
-1.120941102,-4.658686503
0.5139653035,-5.155880341
0.9537454758,-1.518364547
-0.1144154569,-5.001973647
1.60451269,-4.401825821
-0.7407333395,-5.024041668
2.181234866,-2.986748892
1.205753526,-1.143617155
1.751550869,-4.207312184
2.385828914,-2.385717016
-1.552068152,-4.578311467
2.563922967,-2.280131935
0.7739798685,-5.061797581
1.017117763,-0.6899463667
-1.064954297,-4.554898963
1.897246716,-2.370809046
0.9574460825,-1.386633568
1.162539125,-4.8144756
1.817779775,-4.224350872
1.739978106,-2.385401416
-0.3742950996,-5.070101364
2.399314413,-2.454633591
-0.006516929271,-5.253625738
1.661956346,-3.458246256
0.9127791379,-4.938079939
-0.7602212865,-4.961423622
2.114689955,-4.169540828
-0.5897490325,-4.981334914
2.319019355,-2.75101226
2.166751288,-4.084133932
2.444716993,-2.630226897
0.5204346697,-1.920885267
2.107324485,-3.597399749
1.164364207,-4.691321932
1.744147795,-3.358177231
2.610664733,-4.283326036
0.6531228023,-1.688860585
1.214336789,-4.491167976
2.56371317,-2.24240973
-1.508361756,-5.063377576
2.073982404,-3.288666486
1.804859492,-2.09729876
0.5749940636,-1.605925586
-1.256376322,-4.810044601
2.381997233,-2.34408736
1.839216627,-3.266311861
0.9232108797,-1.790408089
2.203088532,-3.116382166
2.268065193,-3.785755626
-0.0457577387,-4.923543057
-0.6665015551,-4.648741661
2.330971576,-2.738146631
0.5306719203,-1.942344268
1.510983786,-1.241874828
1.217384817,-4.837819337
2.332580828,-2.447797534
2.727043394,-3.062312521
-0.6907525018,-5.007788994
1.145008055,-1.001090208
-0.3139348847,-4.831133999
0.1636437352,-0.5016400278
-0.5403163866,-4.934687165
-0.9858144789,-4.552625221
0.6323545989,-5.065009729
1.813196358,-2.127952432
0.3529792338,-5.347148474
-1.770051381,-4.645535668
2.225675551,-2.429696023
1.244966322,-0.5565946005
0.04406417135,-4.911831159
2.564818275,-2.929861822
2.375550883,-3.998112825
1.52632245,-4.333591051
1.928931033,-2.297478931
0.960963935,-1.731260251
1.473647697,-3.837649831
1.915562845,-2.414460958
2.346738931,-2.721174309
0.09228250769,-0.4438992692
-0.7916114842,-5.232793319
1.518872332,-4.731732764
3.293080197,-3.076271954
1.970806282,-4.238608179
1.698072987,-2.158538575
1.269570175,-0.2424623803
2.202364209,-2.371079997
1.585918768,-4.340021473
1.497030268,-4.179794276
-0.6913261513,-4.582987578
1.509879053,-1.195311521
1.281269991,-1.174451352
-0.8766780313,-4.472938969
1.391733715,-1.311421937
-1.470556817,-4.873485573
0.8438040199,-1.507827354
0.3676462662,-2.062348513
1.470285506,-2.292278839
1.223987269,-0.9664373997
0.1377967765,-0.2572509666
0.6350512058,-0.6973269111
2.359632384,-3.90653234
2.41113556,-2.620012948
2.323530442,-2.349468767
0.8683296746,-0.7400401848
2.043155938,-3.204837413
2.235126399,-2.191821823
-0.1450488757,-4.854476593
2.129260706,-2.341021255
1.020804991,-5.070465221
0.7853400212,-0.9325119052
2.302651082,-3.782266177
-1.466589982,-4.768251673
1.648923157,-2.419242747
2.297137572,-3.727618688
2.017572974,-3.99923452
2.346727667,-2.752784103
0.9889715433,-5.029717931
2.560892795,-2.219403477
2.640382878,-2.274775405
1.006353942,-0.8323538563
-0.1652722589,-5.19715109
0.7405615573,-5.044399694
0.8006527039,-1.415496753
0.5568604257,-5.196553901
1.018999013,-1.383036346
-1.131990951,-4.508905426
0.9181478876,-0.8789098727
0.8267939345,-0.6150161563
-1.084915194,-4.712443392
0.03322543885,-5.136813924
0.7564368897,-2.037720566
0.582110586,-2.010095031
1.574933426,-2.322337105
0.1230663131,-5.086023092
1.674891568,-2.205553273
2.088660852,-3.367827637
2.451897385,-2.263179678
1.778947796,-2.135523773
0.3582405242,-5.059500989
0.9794907772,-0.8419975993
2.311477898,-3.103356959
-1.837313429,-4.541220046
0.2603312373,-0.4315392035
1.88696806,-2.216358679
2.420716568,-2.172194776
-1.222907137,-4.870314749
-0.6160765591,-4.76665874
2.264106953,-3.100105831
2.253375154,-4.098830268
-0.2209078348,-4.888379931
1.520555059,-4.453310836
0.4925722415,-0.5357978335
1.276455507,-2.119592008
-1.580904412,-4.755889904
0.02690455645,-0.2047141288
0.9225999296,-1.967534388
-1.586824609,-4.521737954
-1.551484561,-4.715398172
0.3617950556,-5.685167971
2.502685206,-4.258662718
2.140408232,-4.12664211
1.866873966,-2.383553304
2.270503645,-3.809924494
2.383640105,-3.640986396
1.220291415,-4.729196822
-1.214319993,-4.715965549
0.721756702,-1.686600674
1.097912474,-1.389385393
2.021566439,-4.16007717
-0.1329142206,-4.872565262
2.051434326,-3.262706543
-0.8288913343,-4.676344597
1.210226498,-1.18765947
1.733465393,-2.42730863
2.016440729,-2.392870233
0.9963100448,-0.8175152806
-0.3765846628,-5.064986376
1.984403251,-4.072535255
1.553049604,-1.250478717
1.108704643,-0.9711141927
1.191250329,-4.615523472
0.976309308,-1.753101028
1.237909214,-1.18321013
1.839227854,-2.160344854
1.692132626,-1.349842399
0.9511297319,-1.917677991
3.110690343,-3.089160968
-1.128138138,-4.583594859
2.348177142,-2.615529923
1.827169316,-4.222069094
1.642901244,-2.118765579
-0.6814588673,-4.953167374
1.086596364,-0.7610100209
0.38465284,-6.01061088
1.151126823,-0.7486710639
-1.108718381,-4.779757461
0.5073030915,-5.185350749
-0.676100956,-4.748630767
-0.7364249604,-5.100366215
2.57086277,-2.241533248
2.211394958,-2.761183936
2.673907995,-4.466541
2.203323962,-3.176487312
0.79070019,-5.131554126
2.869607644,-4.745897851
-1.443134088,-4.975423903
-0.4174360068,-5.024192434
2.373179825,-2.805081566
1.368709525,-4.5630256
2.137102449,-2.769426445
-0.1840288258,-4.923695331
3.019633146,-3.190283143
-0.773507799,-4.985654028
2.313432211,-2.317274178
-1.382129431,-4.875837667
-0.3362669685,-5.021751485
2.645226814,-2.824888063
1.186422121,-1.309246364
2.478187834,-3.00951968
2.524771164,-2.76454863
0.1855912019,-2.078504113
1.481307336,-4.668128274
0.9613061175,-1.923501321
2.425115658,-3.866146093
1.247351535,-4.530717471
0.1104558096,-5.259104364
1.480464776,-4.050373236
0.09913003883,-0.6048696473
2.312146231,-3.093618933
0.7981911764,-5.12039146
1.511905647,-4.542005887
1.091854317,-1.420047747
1.486496053,-4.487654018
0.5002018105,-0.8562930579
2.610635303,-2.849454983
-0.8970439519,-4.502316983
1.990763679,-3.21489889
-1.681648743,-4.747614784
2.177697166,-2.96928602
2.208817229,-3.054342918
-0.3145911191,-4.877639798
2.605129266,-4.298270554
2.631851492,-3.12580418
-1.409260597,-4.883136302
2.383247337,-2.086391963
1.849596528,-2.342376853
-1.201126315,-4.686004153
1.361565028,-2.002411261
2.756267159,-4.632708848
2.056094712,-3.152623
0.2977316383,-5.389235446
2.227311057,-2.642847471
3.363010143,-3.193142369
0.8290589689,-1.431770625
-0.7416918898,-4.478070777
1.519847466,-1.954708946
1.206340561,-4.80146766
1.469495273,-3.840824665
1.930757564,-4.240153935
1.448579833,-3.995481015
1.541455655,-4.332204659
0.3603873587,-5.316998023
1.036659731,-0.8302329025
2.736183299,-4.686037838
1.504662642,-1.27277993
-1.794475759,-4.657961713
2.382006775,-2.653775685
1.546719567,-4.219679617
3.383363264,-3.216191887
2.360646747,-2.635347332
1.639374159,-4.762232413
1.294898503,-4.588618505
0.7511853056,-5.022838016
-0.6584514658,-4.730885196
0.7572951631,-1.490803489
0.9834547221,-0.8478538217
-0.7314140345,-4.730123435
2.215866935,-3.618165766
0.1635400272,-0.4731346029
-0.08275774044,-4.977445097
1.554141977,-2.258664659
2.277098813,-2.744474526
2.62362596,-4.404356826
-0.4189487428,-5.063349756
0.3361367487,-5.568554759
1.352161164,-4.578124334
0.8639848764,-0.9403343694
0.09225074908,-5.232089817
2.778051841,-3.078219587
0.1342393571,-5.203793761
2.403472778,-2.222739575
1.481816,-4.092766113
1.718053414,-2.39629765
0.2465615719,-5.311075646
0.7948404632,-4.997296144
1.842062935,-2.474106121
1.556254907,-4.357426878
1.788407217,-2.069926097
1.193016362,-0.1646855745
2.442254771,-2.700137235
1.882476494,-2.891680589
1.143775884,-1.33987544
1.570157534,-4.805756531
-1.664912415,-5.071699545
-0.1205793744,-4.838061402
1.788689963,-2.147646487
3.008446005,-4.981317421
2.625460905,-2.797056627
1.463310164,-4.113398195
1.97072982,-3.240323004
2.375811729,-3.853112655
-0.6240094923,-4.761420403
2.153571028,-3.232198362
-0.001362941226,-0.06360321683
1.436940303,-4.64738493
2.795871314,-3.049263379
-0.875104347,-4.510389649
1.407255518,-4.393424422
1.260282531,-1.199007905
1.772098479,-2.104541248
2.232311085,-3.59795018
1.470712615,-2.360836462
1.664789352,-3.32834496
1.201626788,-0.6026481878
2.542304194,-2.830121365
-1.301951297,-4.924953286
-0.7447031983,-5.585465735
0.8400580162,-1.359769319
-0.05376464314,-5.164401342
0.8081851036,-0.9723403775
1.613059685,-2.024648057
2.385075394,-2.993543476
-1.160274102,-4.524211052
-1.132712225,-4.703839362
2.250489302,-2.62021124
2.54905926,-3.001219305
1.238862849,-4.527537501
2.012748619,-4.185713785
2.097219273,-4.003316365
-0.6837363893,-4.477490387
-0.6084373788,-4.972931599
1.275612451,-2.082059499
0.945911674,-1.822717696
-0.1802350148,-4.970010847
-0.3152417561,-4.983811932
0.1065286544,-5.153323878
1.973876559,-3.13504096
0.5830855653,-1.607262597
2.62959801,-2.2183024
0.7392412351,-5.172576502
1.248592659,-2.120217864
2.424291536,-2.382176835
1.781552093,-2.391862344
-1.162774115,-4.519591297
1.639385213,-3.261876562
2.604434066,-3.049608946
0.8532181386,-0.655185003
1.784315571,-2.084668839
1.674670709,-4.229841718
1.644111641,-4.207290923
1.124572326,-0.9332515773
1.128084727,-1.32728875
-1.262295993,-4.813331909
2.604696255,-3.001522665
0.8860885817,-1.771188459
2.265649694,-3.039388118
2.40198393,-2.514562538
1.351436648,-2.361579542
2.073838868,-4.032153537
1.810736459,-2.076123273
2.852535,-4.80597222
1.566023301,-1.258736634
1.663519234,-4.243997798
-0.6881153453,-5.446506577
1.592981325,-4.280200413
1.650164331,-1.401954101
1.497857138,-4.084619415
0.2067803241,-0.2747649657
1.865881211,-2.26546679
1.092918088,-4.405986822
1.544418044,-1.292679823
1.522236092,-2.226691944
0.9434857598,-1.835354774
1.052661572,-0.9494344048
1.529593047,-4.339165098
0.2158939547,-0.4729441298
0.1027171648,-0.04275377213
1.617657309,-4.394113157
-1.489247138,-4.782467667
1.719669402,-4.182197506
1.226086088,-0.2534650961
1.405715657,-2.362036891
-1.604430557,-4.6074797
1.449651923,-1.247765087
1.115643206,-2.065119192
2.469482134,-2.657352837
1.178686295,-0.5810596357
1.118224221,-0.7857874031
1.780462558,-2.439353207
-1.61678487,-5.139894984
2.070182044,-2.80533234
1.231110752,-4.882997636
1.646064383,-3.377475535
-1.822895574,-4.503089607
1.977007893,-4.093267246
2.245763267,-3.098846881
2.100389287,-2.749546712
-1.700279241,-4.759617572
-0.8126327816,-4.472414925
2.334491257,-2.651805015
1.720618809,-3.446704181
0.09322212294,-1.976284184
0.7881409906,-1.979084912
2.018194937,-3.236514352
1.066685715,-1.367965702
-0.6242324222,-4.76628498
0.08170139659,-5.109408422
1.199513056,-1.074852414
1.954203675,-4.085132699
1.912422301,-2.246557878
2.666099585,-3.082083794
2.169122529,-2.555742465
0.8742603341,-1.769704761
1.621708093,-2.179330231
1.660316733,-2.453569944
2.153094081,-4.083889977
1.340521111,-2.052518581
0.2313639838,-5.372928563
2.128513124,-2.35591468
0.1376647357,-4.969449064
2.390226848,-2.601061482
2.124612416,-3.538131451
-0.2615820225,-4.902781204
2.768525437,-3.048854996
2.140649381,-4.113141997
2.107981374,-4.059480113
0.4565484821,-1.892909116
1.23648098,-4.559735587
0.8952751252,-5.041254308
1.583138708,-2.378607909
-0.6940815563,-4.832708713
0.9557717233,-1.767530776
-0.8660569046,-4.67636425
1.89423476,-4.222053354
0.6557804828,-1.649978112
0.6463327195,-1.997679816
2.512463661,-4.238319227
2.31909673,-3.664042816
2.199996924,-2.463512128
0.4165526345,-5.88827841
2.181371205,-3.660573028
0.8481567368,-1.55738572
2.022558211,-4.261080576
2.396075061,-2.650461094
2.548871523,-3.035650787
2.655682894,-4.385853232
2.113071171,-4.101409387
2.61998561,-3.044013014
-0.8289193768,-4.6233137
0.9169338345,-4.986907272
-1.816210649,-4.61524006
0.9456543462,-0.8976841246
0.7570119507,-5.146095534
-0.3491356896,-4.983547605
0.5781470377,-1.637150236
0.1505786738,-0.6299727938
0,0
1.412069842,-3.984738083
1.008251918,-0.8094320962
1.830905416,-4.237443188
1.598807399,-3.516799484
-0.1043415679,-5.008888671
0.7283008858,-5.188879224
2.158201829,-2.730460884
1.086795487,-1.387188939
1.919600576,-2.22984075
2.469089844,-2.212785342
1.229084243,-1.172344032
-0.979266148,-4.588169269
-0.3155388941,-5.021913136
2.725222657,-4.963301407
-1.856007143,-4.465675995
2.448665217,-2.734015372
0.09249352093,-0.5018988853
1.098001463,-0.2000779326
0.8878588438,-5.187552995
0.7846339992,-2.052966648
-0.01177719527,-4.8740398
1.919440498,-2.448610348
1.450004884,-1.925799886
-1.463999317,-4.897861725
0.2083566258,-5.211500283
0.6794132372,-2.072003025
1.44164177,-3.804394562
1.627955832,-1.29815745
0.8332675543,-5.022399304
-0.730022321,-5.203818761
2.152116203,-3.546154012
2.033184205,-2.362532721
2.719914022,-4.648439176
1.511169393,-2.019064995
-1.81873094,-4.470429206
0.5023646946,-5.007732978
0.4713192447,-0.8232312885
0.8462585817,-5.147490067
-0.1898204286,-4.811591668
2.021004868,-2.849135873
2.348284907,-4.27996443
3.194411414,-3.101516827
0.8578101788,-0.5632848564
1.10307844,-0.832813091
0.03996572162,-4.869079402
0.8774580728,-1.74421193
1.401830325,-4.599326325
3.042423257,-2.079858341
1.502598105,-4.569811096
-0.4676230007,-4.969867422
1.077468842,-0.7726611296
-0.5105982686,-4.969164906
1.993434258,-2.818183011
0.5017555885,-5.021098194
1.770960517,-4.131867426
1.131427356,4.440892099e-16
0.3384945763,-6.133225743
-1.080353817,-4.557736039
2.121592337,-2.346924468
2.407553893,-3.892447808
1.273434506,-4.792396758
0.06020698724,-5.184539976
-0.8893202999,-4.54902526
0.9043463036,-0.8084114392
1.453304793,-1.2788208
-0.8043071252,-5.190333565
-0.6706936687,-4.667015221
1.405430394,-2.395892299
1.385138751,-1.255353327
1.411389856,-3.991997396
0.8512630882,-5.06150673
-0.7207834007,-4.6555242
2.015999898,-2.362784514
2.307848718,-3.62021437
2.090114349,-4.075027564
2.670690787,-2.210454754
2.3541333,-2.800569371
1.113666132,-1.308533156
-0.8850948069,-4.469842021
2.1024892,-3.2275175
1.155458115,-0.9461953717
2.695172106,-4.454267135
1.997404185,-4.151766462
0.08245372196,-4.809069452
-0.2782126255,-4.953070525
-1.159118736,-4.430757461
2.231190954,-2.958449029
2.80391751,-4.939453305
1.847511145,-2.301647734
2.533091717,-3.001132243
0.8806414959,-1.66084294
-0.6878189806,-4.927622982
0.3483318642,-0.4802118823
-0.6736957539,-4.840621138
2.750397254,-4.51886564
-0.6730482815,-4.835239039
-0.4522304445,-4.984839103
2.087697553,-4.036170084
0.3622590409,-5.346560953
0.863946455,-0.6372914839
1.13159395,-1.322913987
-1.584631674,-4.709471277
1.745833084,-2.182087526
0.1875801508,-1.990404827
-1.143577698,-4.741026073
2.237230717,-2.722497975
-0.0454232258,-5.003072645
0.8690526524,-1.527335439
1.864994629,-4.05822805
1.042414387,-0.7451993378
1.089695331,-1.372511859
2.470657842,-2.446050339
1.506785523,-4.494445734
3.143920124,-2.003363858
-0.4690030491,-4.971618213
-1.577379447,-4.668912032
1.342977264,-0.177733567
1.660191363,-2.075518824
2.240626194,-3.065774846
1.5020175,-3.968342008
3.180869732,-3.193272822
1.060888371,-0.9859913874
3.072198467,-2.119365642
0.32075876,-5.394893331
2.430604117,-2.708329394
1.320881994,-2.03401412
1.711159794,-4.258586054
-1.703977204,-4.445602039
2.779042425,-4.785086231
-0.2753971108,-4.863762604
2.708167957,-3.004130074
0.9182272146,-0.8443968128
1.056759573,-2.007407341
1.872718575,-3.242701412
1.385134297,-1.960748693
1.07211737,-1.340474279
1.88787926,-2.426076856
2.614989432,-2.924539698
2.416343327,-3.895109885
2.347797514,-3.096065726
1.180682754,-2.072131121
0.3930536405,-5.801114385
0.7675360582,-4.942914994
2.405557998,-2.963015127
0.5172261306,-2.049719662
-1.056213185,-4.602345332
1.141362849,-0.8931869281
-0.1109434333,-5.144947655
1.43695589,-4.573664785
0.1633341074,-0.4165349775
2.45419212,-3.904457632
2.219775706,-2.366157458
0.9395163328,-1.495248702
2.281370919,-2.230495599
2.418036287,-4.220578025
-0.6956605873,-4.84583437
0.7742007231,-5.120481746
1.10135959,-0.9384753814
1.207790592,-0.688458837
1.195600976,-4.556711468
-0.1815008919,-4.823993286
-0.3032147774,-4.909770532
1.692348383,-3.237117264
1.894537151,-2.277771549
0.8344269719,-1.356543309
1.540909279,-2.193018779
0.1035857613,-0.00221971956
0.7671259736,-1.62051275
1.530716862,-4.024852068
1.580787877,-4.331276946
0.5808900563,-1.570243433
1.680015683,-2.133603988
2.476356823,-2.693684419
2.885494107,-4.914731905
0.7606657325,-5.186953946
0.7060924055,-1.593245587
2.019998295,-3.951910883
-0.7188398022,-4.984114764
-0.03581324405,-4.904986381
2.01232047,-4.267925097
1.776698969,-3.321409804
2.045421864,-3.035472332
0.5590054631,-5.010314323
0.5885590191,-5.061711671
2.417140033,-2.645498033
1.522220047,-4.288811173
1.576124153,-4.458729853
1.444951431,-4.393289821
1.869451693,-4.023503572
0.6786021113,-1.651538007
1.02207997,-1.824326768
1.395039286,-4.640468661
0.8043626037,-1.949083591
2.792734553,-2.224584042
1.161964039,-4.443619211
-0.9149953998,-4.539578121
2.213122449,-2.140620768
1.381132516,-1.958947098
2.12311605,-4.077798292
2.302814101,-2.389984545
-1.737587927,-4.468423791
0.847699834,-0.7744482344
2.440670977,-2.613054188
0.3106293385,-5.336742881
0.5028343127,-0.795699912
0.8568122548,-1.983609582
0.9790016596,-2.014680364
2.203241605,-2.68769501
1.747785926,-3.318742381
-1.074085442,-4.670901537
2.476450802,-2.191208987
0.1609582325,-5.243441985
-1.840631247,-4.567239437
-0.04831529924,-5.007285851
-0.4703683758,-5.000875842
2.039674645,-4.005640063
1.544158457,-3.567471302
0.758555296,-0.5741027
0.6219712482,-0.5564756811
2.19418777,-3.600531084
1.066243721,-0.8561708154
1.050628917,-4.86765237
0.9817800084,-5.061686225
2.616977715,-2.242113493
-1.742446375,-4.461268513
2.375377823,-2.795803549
1.996188873,-4.221638451
0.5634035302,-0.6220252365
-0.253826715,-4.948976606
0.8949646561,-5.174948733
2.162215805,-2.766640201
0.4302617334,-5.29262197
2.500286547,-3.057860921
0.9019778898,-1.550230498
2.166224965,-4.113598847
-0.6346756335,-4.915009702
2.162119067,-2.342670595
-0.9052693087,-4.59237091
2.400762453,-2.670356027
2.232953517,-2.570612589
2.217008818,-3.129458097
0.4423023527,-5.787837174
2.517761746,-4.26590952
2.858093999,-3.024072557
-0.6783695871,-4.520441841
1.968546767,-2.280163226
1.961397677,-4.064965187
2.01580974,-4.144821266
2.343793573,-4.057953725
1.063723479,-4.918043961
1.173666736,-4.851101632
1.629551011,-2.21540943
2.093963996,-2.311034809
2.208185446,-3.063548397
0.7919424559,-1.64067589
2.203697126,-2.373861747
2.029002723,-4.042462437
-1.519545405,-4.636695849
2.372711936,-2.621362753
0.9887317811,-0.67537315
0.8207441555,-5.041569711
-0.5535571983,-4.951485043
0.9045413927,-1.735547255
-0.5911857116,-4.934565179
1.016260309,-0.6217525725
2.28040736,-2.264388524
1.572503199,-2.19002642
-1.799072641,-4.546096253
1.02106886,-1.418454007
2.376157442,-2.156993049
0.5285786012,-0.5397643631
-0.7807657143,-4.968170502
1.482268882,-4.440494884
0.7955635309,-1.466034435
0.5624476175,-0.8623753648
-0.0677792391,-4.90593778
2.160797774,-2.36899355
0.02585058546,-5.203963098
1.465056699,-3.726876916
1.161695425,-0.6450801741
1.241815995,-1.040127559
1.200625845,-1.222282403
0.2072698097,-4.986493232
1.184574289,-1.994788533
-0.50522479,-4.962347874
-0.4325877269,-5.007055481
2.050033837,-4.16986865
-1.612371902,-4.47587581
0.5887313782,-5.066560412
0.9065694958,-0.848893633
1.503443883,-3.523561127
0.5033007531,-0.7079635221
1.981705962,-4.214962444
0.6829650434,-1.690900351
1.889436576,-4.090300662
2.795435005,-3.078479187
0.8152788416,-1.993758256
-0.5450473822,-4.932559847
2.47895855,-2.766192473
2.459244658,-3.615809714
1.537395429,-2.270639346
0.6806461166,-1.72482678
2.209381211,-3.756409689
-1.286409162,-4.769909749
0.6506159189,-5.199432703
1.904123694,-3.287263574
1.175931645,-0.9846084497
0.432798881,-5.037950317
0.949757463,-1.739133941
0.9733229342,-4.887740801
2.398079812,-2.568030076
2.998510992,-3.265278292
-1.63671243,-4.549527731
2.203561858,-2.347220295
1.016501598,-1.972019554
0.7754234867,-1.501189156
1.250810726,-4.460720614
2.347092129,-3.780407923
1.008852886,-0.008009127411
2.203139963,-3.129512421
-0.3291497935,-4.836521053
2.186895072,-4.154511508
1.42168778,-4.411680649
2.587312736,-2.207500681
1.879982014,-2.232628134
0.8289316404,-5.178224529
1.019418205,-0.1515536967
0.2793115586,-1.992475776
0.7429648693,-1.572321314
2.164023303,-4.078550304
2.414090015,-2.308451745
0.5239300333,-0.5255458148
2.268557236,-3.558473247
2.098866385,-3.267052959
2.770007091,-4.671401981
1.117128345,-0.7220365282
1.262110866,-1.064851426
1.038176914,-0.8119099564
2.285262554,-2.41663793
2.106376249,-3.450488599
2.462377532,-3.877431684
2.242545972,-3.037802481
1.791332404,-2.445485618
1.548243972,-4.232206835
-0.7836422244,-5.425059751
-0.7244501006,-4.723121591
2.304927813,-3.836715307
1.451415326,-3.796921958
1.360260896,-1.281671232
0.1270875671,-0.2994320386
0.5463251424,-0.7558721009
0.931264663,-1.833008715
-0.7076095385,-4.400272968
-0.3729813811,-4.971715074
-0.6657135498,-4.874252439
1.373106238,-3.694500077
0.5031673138,-0.5682049214
1.329184334,-2.025202698
2.11101406,-3.000974511
1.457963298,-4.602419764
-0.6741930551,-5.218213311
2.387109646,-3.810373997
2.709138905,-2.240474846
-0.7605783325,-5.322330258
1.292022442,-0.3311965018
-1.420333866,-4.841973712
3.390823716,-3.10832389
0.9291686779,-5.26565234
-0.6599986251,-4.764645915
-0.6988219526,-4.522997373
-0.6986318198,-4.882065409
0.7142641487,-1.60764572
-1.184687969,-4.729014187
2.828383703,-5.02018776
2.047036998,-3.900466278
1.140051058,-0.1319801234
-1.559411864,-4.759732895
2.881323231,-2.207744107
4.101283567,2.267760872
2.753347578,3.16489772
1.908146318,2.586527757
0.4720192825,4.395103506
2.996872988,3.10813687
2.069690756,3.060291158
4.451518312,2.337986176
1.344207457,4.507731064
3.731605002,3.697820894
3.487404889,3.172863523
2.715126283,3.055000851
3.752353235,3.697792091
1.719304328,3.421413456
4.239141056,2.382362244
2.930696591,3.048742378
3.378287889,2.416928632
2.722458293,2.855221106
2.703458899,3.206626725
3.52066071,2.48890927
0.8078372031,4.293206194
1.516874,5.260063589
3.42624761,3.223553139
1.622550564,5.611347467
4.405468827,2.644704514
2.732243035,6.495095817
4.84616793,2.617037216
1.385958476,3.27738617
1.183240047,3.193350787
3.687878464,2.393247382
4.000470826,2.418115918
1.515708638,4.837496953
1.695987607,5.842197075
2.013719243,3.060079728
3.560899489,2.780756484
2.076696279,4.033208232
3.943052905,7.134952625
2.730695622,3.375776635
3.015862714,3.138619329
2.111413732,2.848760104
2.345697617,3.17457491
1.977281784,4.512612849
3.41095836,6.423741135
1.243950294,3.208647806
2.67671153,2.889528739
1.430007133,4.523886795
3.755433092,3.176474422
1.635532838,5.602637096
2.077860585,6.477148901
1.689308352,6.027202015
3.752283586,3.647620634
2.073520232,2.938089036
1.48883875,4.678875086
2.057345134,6.100362564
3.62718963,2.644791852
2.003075932,4.030884316
4.188614493,2.313087567
1.100175173,3.154230236
1.676762069,3.362899697
2.074072515,3.477217875
1.72636391,4.754136246
2.65320162,2.880959146
3.113870666,6.563102957
1.941098851,2.834860995
4.159841976,6.990736294
1.31732416,3.878623311
2.812674255,6.622407577
2.756229353,3.232108176
1.964801594,2.683441274
3.278984313,6.627315881
4.451369911,2.416957363
1.309255115,4.455465703
1.216520925,4.070955601
1.426222727,4.48927685
1.327262877,3.920943093
1.779183381,3.103082322
3.612716187,2.632949951
1.60348308,3.328953717
3.826402927,7.101494224
2.709440702,6.523997319
1.800421032,5.8153389
2.384872425,3.000149438
3.73933189,3.516353852
1.83234862,4.650843081
1.778544051,3.186422292
1.394371074,4.457480383
1.48907976,5.109620631
2.902558052,2.975520916
1.450266672,3.989069188
2.710798967,7.140643283
1.529636974,4.941366138
4.042019792,2.481205028
1.787159484,3.139730399
2.72677405,3.329530108
3.045832046,3.236742473
3.676828663,2.519498391
1.440284714,3.908924534
2.066246819,6.446055326
1.599471359,5.626832308
3.78522597,2.440067285
1.895061686,5.883953927
3.841238635,3.013006958
1.776843859,5.936391494
2.44550569,3.187491669
4.59241998,2.457102056
3.177275233,6.542710969
1.501673201,5.566757292
3.066377309,6.775876496
2.217876303,6.556941771
1.164912074,4.31073162
1.634581449,2.457270345
3.734356076,3.06930802
1.835549072,2.552105094
4.033797171,1.941883182
4.106914477,7.076767891
1.37131897,4.669103542
2.391259597,6.219027668
1.899241861,6.114854785
3.560321612,2.526791913
1.353025915,7.15052449
2.156192585,2.901423308
0.9331734141,3.059437695
3.802217375,3.580893843
3.318372908,6.335263004
1.982765223,3.941384992
2.766695669,6.629607847
1.854675979,6.53057993
1.48102694,5.373833618
3.004027217,6.680215604
1.694208788,2.525017965
1.48212762,3.151753863
1.882798415,3.637597299
3.545812057,6.786057431
3.627050815,2.81071147
0.9888495097,4.286711462
1.510897029,4.76635746
1.437169744,3.855531859
2.600734157,6.449073937
1.920620273,6.074043224
1.60587485,3.292245049
1.452771986,4.762434051
2.67814567,3.248304182
2.966439222,6.865382942
3.312816677,6.353209844
2.213262118,2.741504159
2.709957393,3.040506971
3.336370713,6.545517611
2.377216962,6.462253417
1.669987327,2.313992564
3.896544582,3.795479637
3.436620569,6.417198059
1.114068397,4.285512767
2.967140505,6.70934713
3.624942309,2.548918373
4.667448271,2.503086605
2.982475,6.772546488
0.680289803,2.855907877
4.124899626,2.518472129
0.6283746869,2.761095532
2.940846456,6.950367531
1.16464121,4.070414781
0.5831616529,2.655763045
3.758462071,3.053437014
1.602414109,5.049603416
3.710826561,2.510146934
2.656327133,6.587965099
1.752172188,3.695683288
2.993913846,6.691718296
3.658207884,2.606880629
3.682752519,3.535820944
1.861948891,6.375457499
3.70776565,3.581024962
2.648387777,6.271342412
4.097347201,1.883461631
2.873329888,6.979808031
3.762179893,7.004536332
1.81427701,4.569991198
2.44483898,6.312511358
1.837451069,6.123466742
2.322179077,6.320093014
4.417934909,2.495929481
2.110739337,2.951235839
3.059448428,3.040218713
1.297684585,4.525651975
1.552033528,3.013302025
1.415339542,3.842024893
2.45157667,3.248049815
3.633467268,2.895037795
1.227924622,4.117598079
1.994514955,3.053641535
1.995815057,2.63715507
1.602214238,3.372240445
2.253787174,6.246768069
1.646589296,5.821599091
3.450459075,6.827003972
1.956534855,3.139024542
1.571650723,4.798244899
3.334162743,6.486279633
1.868296326,6.26350917
3.416939742,6.40193911
1.057731732,4.28285371
2.093529803,2.920008464
1.649891389,3.562208536
1.221162123,5.201167924
3.206246435,6.40045991
1.885369744,6.107588123
3.883439708,7.162990772
1.281407732,4.377065888
2.525304087,6.296125359
2.832151621,2.997250952
2.119693991,2.778257897
1.676392658,5.191735667
1.22756238,4.386882375
2.530250098,6.257813231
2.322475638,2.980333512
1.089795915,4.074173696
1.69295346,3.459231018
4.051753469,2.446139593
1.892798528,3.462834574
3.205702096,3.272351522
3.702978748,3.099193736
3.487640748,3.381273949
1.888028981,3.032292349
1.535407914,5.47082294
1.347702856,3.997147064
2.036908233,4.200061602
3.523930688,6.722962661
1.904614536,6.177130311
3.66150226,2.961578432
2.505383719,6.417184553
1.455715895,4.929605348
3.002177472,6.799227706
1.809154939,3.44297786
3.674259339,2.510157429
1.449193544,4.685857035
1.992031605,2.834964809
3.921401353,6.908199399
1.908483518,2.64553034
1.747737082,5.949427426
4.091453369,2.250639073
3.538707845,6.605966886
2.398268178,3.1068226
3.735059717,2.852234726
1.575349518,5.522317983
1.385404283,4.661209215
2.517759673,3.210109267
2.677238984,6.62369008
1.941000312,2.883205458
2.271300413,6.559226353
1.957531746,4.128468423
1.706717303,5.768075089
3.054435131,6.759605276
1.175717514,4.443973733
2.904150611,6.676708882
1.834068045,3.171047606
1.183023365,4.344217305
1.801991379,2.99969975
3.780132408,3.540981636
1.514391445,3.982780028
1.645474579,5.421062699
1.948940955,3.999228788
0.7060417528,4.248213141
3.807025345,3.275052391
1.721201493,5.229166114
1.930580295,2.614956802
3.603885054,7.277493168
1.720977922,3.75099584
2.632423986,2.937960723
3.918806644,3.252978538
3.546127615,6.924868356
2.019346806,2.803316906
1.925053679,3.86921488
3.528223496,3.200695184
1.716035249,3.535741239
1.274094844,4.042555066
2.495110878,6.313455539
3.159942303,6.450701152
1.831820386,3.153631291
3.759329046,3.552492941
3.368773653,2.412696786
1.517155108,5.509418731
1.999276529,2.916431738
1.321105731,3.187197268
2.970956975,6.756948703
3.806533313,2.429488111
2.767044832,6.394165832
4.895293344,2.593416172
2.891045232,6.610016693
3.475634888,6.558112075
1.861107594,6.034369534
2.607822604,2.958058557
1.924419391,6.426344638
4.059551552,7.089624018
2.096789489,2.963840868
3.983560613,2.009707912
2.428832774,6.251711251
1.530099251,3.173710784
1.063168902,4.152822923
1.559005405,4.919556733
2.415109058,3.028735555
3.531882635,3.130621148
1.89023382,4.546702792
2.357991188,3.131696966
1.828855277,3.130655709
4.986924166,2.587919578
2.922225999,6.998660891
1.33356001,5.247804659
0.8524237212,2.869578804
1.252616431,4.583828539
2.683723092,3.049862797
4.146131846,1.739795016
2.149829108,2.929693306
1.506780579,4.890134987
1.672264499,4.811464839
3.218365021,6.411628834
3.396737558,2.375449209
3.594887342,2.491353968
3.433154799,6.429830725
3.425386047,2.538603166
3.683518382,7.100984622
3.757089068,3.016907614
3.822234457,3.74490212
2.791342717,3.291092171
3.762407963,2.355383545
5.058387497,2.409582804
4.39800737,2.478709197
1.129370808,4.087571935
1.83525428,3.010907643
2.06379472,2.841679755
4.183408812,2.377884828
1.794775443,3.700681725
2.227363661,2.76478349
2.616051308,6.314976641
2.226786887,2.947725237
1.541861602,5.812997753
4.139065194,2.582741581
1.247985825,4.019605576
3.741456284,7.013062048
2.572183017,3.290572545
1.284247203,3.978351979
1.353756553,4.361888124
1.810491227,3.156383921
1.591450751,5.798347622
1.946247706,2.597875395
1.849379702,2.596729219
4.017437693,2.372776015
2.433305968,6.605560365
1.78504252,5.954697557
3.845869582,2.966857677
1.846067574,6.185290167
3.687063478,2.813529892
3.61999088,6.607511764
4.062152401,2.461929622
4.289877772,2.300292393
3.463367653,6.74576152
2.306866898,6.441076106
3.520181014,3.498876913
3.678091961,3.577724634
2.688716751,3.254724636
2.26329041,6.347523014
2.675259052,3.101594025
1.663023332,3.806881529
2.009494991,2.696850827
2.63129065,2.984126545
2.087351268,6.189232934
4.033691476,2.3962376
1.635406522,3.462141517
4.174961565,7.043910297
4.857374511,2.480169712
2.496406565,2.987117028
2.087752628,2.640938056
3.483843662,6.954466691
3.050366208,6.517335957
1.675843328,3.487030087
1.10400339,4.305804806
2.658067984,6.386660957
1.494084379,5.02031064
4.607841255,2.430036498
3.049441287,3.263236499
3.841625374,7.06944897
5.179201854,2.431308074
3.425765846,3.345182309
3.982570639,6.882375144
3.841228755,7.019399487
1.720743023,6.696250661
0.8082363115,4.290912221
1.179738133,4.394118297
2.415575619,3.134847098
1.258057576,4.060800236
1.264245274,3.857572158
1.577950883,5.419356681
3.566609986,6.823873184
3.752489834,3.23331994
3.619159272,2.772827759
1.256982771,4.490422715
2.595662423,6.322641049
1.754413097,3.742969416
3.276030021,6.567559524
3.645019944,2.543395822
2.498700628,3.247995713
2.288454008,3.055492718
4.034235592,2.366539525
2.682075367,6.620859072
1.338120409,4.440810486
3.329542649,2.395247193
3.85349787,2.426197279
1.667675215,5.343761976
3.506700761,3.139474013
3.625080022,2.523684685
2.567812018,2.969286237
3.158612171,2.395259745
3.431529515,3.288029968
0.9933172639,2.986029092
3.573438256,6.666045591
1.889090849,3.043854323
1.379092019,4.653893115
2.751735775,3.049567152
2.995147214,6.707101684
3.993611126,2.26808082
1.51294462,6.947752207
3.948273139,2.220531931
3.443605463,6.814370714
1.892903954,6.204982641
3.109686893,6.537559518
2.954303348,6.858826924
1.925271946,2.610087877
1.915732358,3.241881309
0.5480785645,4.360512925
1.680891831,3.584535975
1.693581771,5.99646727
0.2264466707,4.474034552
3.601933191,7.168009436
2.739029343,6.611413302
1.758568518,3.183564311
1.55382566,5.197864505
1.971395029,3.291771018
2.607530966,6.393958119
1.008607001,3.121240619
3.051160636,6.787044695
2.090725027,2.821351834
3.610187444,7.051511187
2.674402699,6.5622425
1.525684676,3.041553826
3.593717675,2.656170368
1.554292244,3.288884161
1.658774732,3.062469087
3.960997006,3.863855913
1.401105704,5.217900826
3.419863926,3.286853522
1.099578921,4.016638505
1.671344947,5.242145362
2.172937143,6.495686568
1.760995844,4.715804138
4.887774552,2.714914481
1.640522855,3.45382894
1.693975489,5.983029823
1.44954796,5.097499576
3.606266426,2.801299775
1.501824291,5.068055418
4.415354676,2.686425076
1.539553096,3.081650872
3.432648486,6.465574004
1.831569621,3.739312937
3.928405983,7.121285479
1.822194971,3.4308067
1.747433621,3.481928336
2.740539557,6.432381279
0.7018587115,4.263591118
1.361661946,3.294192045
3.628032635,7.073233042
2.16811521,2.592897224
2.453568537,3.111383335
3.573316825,6.791810927
3.048296982,3.11841368
0.3844583308,4.447824835
1.814584145,3.650668005
1.944907647,6.492706083
1.971564198,3.136336785
0.7275694364,2.92398564
3.813295508,2.963588962
3.320335739,6.355537699
2.947225691,2.987595352
1.547277707,5.486265998
1.891766041,4.551700241
1.284300037,4.608373158
1.818854517,4.689685573
1.547499634,4.909629334
1.935918355,6.397505363
3.994009936,2.35343488
0.3698058179,4.502903773
3.355953708,2.441519194
4.07216816,7.113915161
1.83933247,3.055312337
1.608646764,4.815021606
0.697610253,2.930904688
1.867425142,3.052732267
1.217788845,5.20255031
1.598994601,5.261604843
1.788932238,5.930977522
3.10564142,6.512860451
3.837378578,3.053338216
4.027061983,2.398698906
3.165452708,6.554654307
1.414009857,3.936560686
4.911948985,2.570282654
2.493883178,6.378823136
2.74264492,3.214997852
1.871979879,3.190094038
0.6251352324,4.339120317
2.717497549,6.644154195
1.809417624,6.616289389
1.558509474,5.219770712
4.070523135,2.543394531
2.203454129,6.484288165
1.270352787,3.170492923
2.185737634,6.436855731
2.072405121,2.692090563
1.735246437,4.749507993
2.529266888,3.231719542
2.031978968,6.458854715
1.768258664,5.88481733
2.38313107,3.222953575
1.520793508,4.921544072
2.661721985,2.925249813
4.253647805,1.721018816
1.763359513,3.058018673
2.107530093,3.539253738
3.610616789,2.705882155
1.248793502,5.27820744
3.726468074,7.375177496
2.605683257,6.287395515
2.616316874,2.988328452
-0.02341000663,4.58485357
1.557945724,3.030395654
1.738305328,4.777054172
1.833101874,3.771645478
1.147269615,4.034703544
3.059866193,6.51768508
1.689014045,3.658793298
5.28420998,2.332936974
1.449262953,5.226822677
1.272683207,3.136572947
3.410103894,6.459388899
1.621083442,5.037468919
3.597691837,2.523535214
2.654872723,2.962896476
1.412386111,3.91055216
2.751145999,3.346630931
2.030841665,4.021162594
3.992058575,2.072375484
1.606393473,3.105636142
3.516396963,7.044865848
2.679042851,7.258354621
3.846196128,2.898606531
2.361612171,6.514091825
4.097325261,2.601872264
2.830724464,2.990326848
1.639346608,3.330004966
3.63410709,6.636406944
3.507260874,6.766545425
1.965860818,3.104444756
1.501446664,3.240936272
1.680100132,5.244494133
1.249249814,4.51640716
1.286585298,4.318897231
3.273515664,6.321375477
2.9242419,6.680735061
3.071943102,3.233185403
3.490971319,3.21379145
2.577520188,6.429438722
2.679349681,6.519149617
2.237624043,6.411897913
1.891714922,3.684131358
3.911445252,3.249363306
1.89098059,2.557044464
1.711606146,6.059760092
3.07175019,3.279941075
1.962791359,2.809727649
2.480174483,3.19120177
3.638826814,6.63410121
2.090178995,3.981883034
1.428260368,3.248126013
4.245027578,2.31761968
2.656482229,2.939624616
1.498640693,4.748889712
1.536615178,4.748312188
3.862593622,2.386164438
3.630701092,2.704760554
3.549036826,6.930990226
1.455996909,3.208844421
3.569602244,3.206633064
1.709879799,3.436725619
1.903994316,2.930419452
2.84777186,3.416564839
1.288838994,4.355953225
2.639950022,2.917313718
0.2054102531,4.532838243
3.314185713,2.394425891
1.499481888,4.76689089
2.713779026,7.112391567
1.535818719,4.837359752
3.162472835,2.462058416
1.7269329,4.733552683
4.992074591,2.383735783
2.485021324,3.039334248
1.869514132,5.230466395
3.312036936,2.434604367
2.787191685,3.20752619
3.485600034,3.225484614
3.911702883,2.441130981
1.553103419,4.922189859
4.869461265,2.5396924
5.21167757,2.255510855
1.449506501,4.915687388
3.751632788,7.037798255
1.489734707,4.683962547
4.175134106,1.774037769
2.803337866,3.38538728
3.947048091,6.962373674
3.415257174,2.453139025
3.211960562,3.312382905
1.766072405,3.007378035
4.023274179,2.068142529
3.953472892,2.269859067
2.453456964,3.230479542
3.64762773,7.402717559
2.004979473,3.35988606
1.479718382,5.538193225
2.017480587,4.072024746
4.185398292,7.004513915
1.332082061,4.461977563
1.691501874,3.496667811
2.012824538,3.296933945
3.936586489,7.141882608
3.381346917,6.392174224
1.879142464,3.081327185
1.916540832,4.084931965
4.095572723,3.834355176
3.528464628,3.432735612
1.796684539,3.740966155
3.657019463,2.773548608
3.057219773,6.521772899
2.283354082,6.390597126
3.71930692,2.457829152
1.355364853,4.468619463
2.458140518,2.99689556
1.359205523,3.238708985
2.06954348,3.099279432
3.580089579,3.212300921
2.733777912,3.111168629
2.542959076,3.311882901
1.194276302,4.351960057
3.036296015,3.171419027
2.008389122,6.518017788
2.218738398,2.960278915
2.319177816,6.244182722
1.863283765,3.007639574
1.53478912,3.924508778
2.682792093,6.422023432
1.295172708,3.152135278
1.187391823,4.382994798
1.245172172,4.358332523
3.848379323,3.555350651
1.663315799,5.272074491
1.660983501,5.862201389
2.649332465,3.295744241
3.075442277,6.616424651
3.515025395,3.163153339
3.30625958,6.589180204
1.324538777,4.614883913
3.827463192,3.241867991
3.633049191,3.530292906
0.812113767,4.268625596
1.303349226,3.91386005
2.09802918,3.006283582
1.558103413,6.829669551
1.417416071,3.991120094
3.724741318,3.054704451
1.197445669,4.572019314
1.829811369,3.044437971
1.481586318,3.269063284
0.6098216512,4.305448145
1.216650746,4.389485345
1.418858232,3.23453319
3.306880188,6.5244255
1.674952799,5.805389781
4.114727364,7.09181028
4.028857174,2.461218541
1.712540155,6.027882708
2.707082144,6.538637538
3.898091641,3.276554132
4.831319319,2.705430987
5.32006248,2.280422085
1.854804598,4.702174835
4.029216554,2.353020817
1.367112903,4.664228586
1.974882757,4.212820142
2.493167003,6.416955105
1.711031133,6.07938506
1.976874708,3.247799755
3.629482127,2.777502207
2.462016223,2.979120045
2.024796812,2.645850591
3.638577045,2.519972196
3.449644542,6.583227048
2.657442715,6.550324524
0.2175234,4.734863434
4.234112214,6.993382556
1.738451483,3.081860067
4.953035151,2.634989045
4.310390512,1.805046877
1.581972828,5.985553003
3.488374538,3.494893433
2.496238389,6.253422394
2.334986489,3.157231273
3.020861724,3.004667395
3.664002788,7.1170173
2.120949938,6.400041135
3.562930342,3.571543446
1.935609731,4.538257738
3.240876316,2.390505245
1.722398511,5.882905168
2.888955378,6.93928231
1.507748019,3.915043122
2.292463133,3.021074184
0.4048992589,4.481773659
2.91688025,3.045007582
4.201017787,6.975541078
2.000173545,6.063329208
4.45807264,2.676302888
1.63911122,5.97713729
2.677410568,6.306108162
2.019535309,3.424114339
0.9214640361,4.397983057
0.9180067128,2.947434606
4.294707951,2.240169152
3.938463669,2.316928518
2.457019706,6.219307442
3.592305228,3.189698091
1.505771888,5.208138987
1.635533063,2.204428456
1.440952459,5.125533081
2.811445342,6.596384515
3.994266199,2.282866992
2.846821828,6.620794992
2.059961565,3.414952674
1.992899805,6.074558309
1.477271145,4.613191402
4.399520191,1.622766246
1.479223088,7.074353345
3.54958895,6.617227248
2.229595579,2.956986071
1.098573036,4.048248377
1.497966562,5.439873221
2.25716881,6.464225188
3.399211932,6.499089893
4.114360356,2.4125855
3.394233588,2.476286587
2.95723858,6.971492357
3.152730801,6.468006961
2.783891509,3.413102064
3.463342453,2.496812092
1.851136758,4.70847618
1.68502228,5.904265115
3.200167828,6.48777444
2.30630007,3.031267465
1.337985093,3.884742923
1.250667895,4.381370554
1.862103842,2.526773434
1.776689858,3.190963434
3.653335559,2.697879486
3.441803668,6.432203541
1.733307734,3.684664764
3.829937508,2.378744732
0.5379094753,4.338152687
1.281472852,4.497710949
2.457332527,6.145779717
2.66709022,6.472610426
3.687492423,6.559693746
1.784947597,3.390900321
0.1673609095,4.669707188
2.478939296,3.079453183
1.51449052,3.250146475
3.638173087,3.120008335
3.015171607,6.690013949
4.757476437,2.468614847
3.054255164,6.61101229
0.4554303274,4.358626987
3.056857015,6.606256602
2.790217492,6.599618768
1.275228499,4.351162586
1.917210123,6.420472122
4.246698305,2.296823443
3.630388384,2.699160963
3.871644311,7.033847779
2.631171686,3.041264562
4.010579995,3.791006979
3.494484816,6.803119765
1.917195412,3.195384541
2.448607201,6.377972786
3.725204548,3.018106034
1.443586792,4.49860285
4.038753055,2.280896087
3.635653517,2.76387357
1.887935438,2.834752634
1.481368234,5.061783278
1.597406773,2.083187349
2.811550501,6.598611338
3.889323432,6.996630903
4.124023381,1.644455435
2.762803591,3.004326313
1.714905001,3.472742037
1.791159724,4.636533824
0.875701911,3.029985207
3.883759761,2.46609646
1.588340386,2.219268981
1.922881923,6.483923858
1.768078237,3.071456785
3.063032578,3.167776745
1.452240383,4.751057998
4.122128648,6.888541179
0.2773483328,4.558573354
2.716715187,6.398305684
1.370283452,3.150823776
4.082148593,2.433799391
3.293420673,3.299647513
1.91151758,3.830534446
3.053334489,3.070812173
3.668579002,2.74802101
2.373766251,3.157240211
1.492366987,3.140218303
1.089874309,4.045303388
1.610090191,3.435097849
3.154960599,3.280284397
1.627899545,6.772413373
1.822088142,5.856440802
1.64042376,3.293257763
3.707858185,3.647682306
3.504014341,6.639491888
3.872218369,2.343803347
2.419446117,6.531501439
1.492116161,5.166837157
4.945019989,2.524349347
1.053646275,4.030900575
2.138522177,2.91556727
3.686516965,2.951039203
2.1672542,2.769373628
0.8992477276,4.309109914
3.069096982,6.628022644
1.713443577,5.997049222
3.878446053,2.403907595
3.937162844,2.138599908
1.698332947,5.293384566
2.66343192,6.311362891
2.712604832,6.451912186
2.061519364,3.930938619
2.454551133,3.032690645
3.852653367,2.899254496
2.791569408,3.169271706
5.234534511,2.222031189
3.753985401,3.153171654
1.734952021,4.665820926
1.516039576,4.886004155
3.934749209,3.220516046
2.71291001,3.040068734
1.739360542,3.032946015
0.1153615077,4.602164972
1.685815663,6.05900443
3.81949897,3.166459503
1.379300558,4.321976814
3.00757319,6.754012987
2.497806448,6.292575474
1.201794913,4.583540724
1.943903992,3.950407337
1.891353884,3.561515782
1.952585469,6.03250365
1.89866042,6.057144856
1.815555069,3.028155376
1.588381051,4.885510608
1.445724079,4.992407748
1.590493465,5.015440453
1.460151827,4.467760437
3.807985983,3.229872227
3.428056037,3.170827911
1.487373927,5.245559904
3.532702995,3.398893977
1.754583692,2.46733035
1.791458436,5.220934959
3.425595026,6.506328091
2.275029465,2.73590975
3.057638015,3.071672209
1.222207631,4.364435307
2.057102288,2.886689824
4.136207497,6.926691873
4.180196114,2.417874612
1.815265372,2.988077645
1.964927585,6.442496302
4.448423991,2.635583362
3.46995517,3.396502223
3.352466743,3.350762596
1.965082435,3.186820712
1.968931586,3.965042269
3.478704333,6.705664196
2.031348293,2.62401482
2.140949015,6.453584734
4.162520857,7.066986755
2.448511239,6.383082188
2.795653587,6.623211361
1.332050693,4.354248068
1.989898278,4.285817909
4.369136434,2.306659873
4.490501732,2.371673506
1.441901362,3.934819384
3.954860287,2.357345479
1.635491955,5.630635816
1.578718817,5.828540136
1.887409818,2.583755689
4.144342438,6.923689815
1.762172807,3.174736973
1.241833281,4.555263328
4.500065089,2.45903706
2.649627749,6.45510343
1.583517972,5.971166463
1.952579182,3.274906626
1.893233002,6.337052234
1.508211796,3.315376068
3.685104705,3.017598486
1.166318667,4.368495099
2.979262212,6.648857837
2.199090553,2.929968399
3.386992139,6.543630805
1.814433178,3.057902415
2.00895937,3.074277806
1.697107595,3.53829041
1.595549122,6.732977727
0.7917602876,4.288045701
1.236686762,3.079867096
3.24418078,6.353204623
2.392937531,2.991618666
1.361238792,4.448028711
1.270537063,4.481358313
1.054210123,4.219973502
1.595543932,5.664026465
1.544999575,5.545645457
2.706424876,3.135968455
2.272938328,2.943840771
1.742597086,3.489786321
3.722071782,3.155154296
2.147127587,2.931182125
1.319322018,4.390411005
3.860996725,6.936795658
1.865735949,3.034339773
4.123022431,2.255279863
1.721444577,5.905783761
2.89205418,6.631381847
3.575303215,3.166905233
2.932507483,6.639488457
4.131788794,2.195646507
2.148337983,2.7975132
2.767599972,3.148472761
4.141035598,7.025620529
3.66479265,2.84114701
2.132847496,2.654468064
4.576235079,2.412335344
3.067229663,6.777037828
1.532684905,5.032146152
3.820635701,3.010939513
4.361163254,2.655202892
2.523263507,6.311931821
2.184865484,2.952156035
2.273833066,6.500001193
1.961634076,4.461576724
3.999885491,2.130094478
3.70506783,2.404984072
3.632707624,2.577149737
2.252633522,6.217588982
3.196749399,3.21508688
2.84641237,6.612124435
2.761319932,6.606277209
1.228129137,4.481835889
4.030064793,6.859890854
1.895701544,6.06098999
4.089020984,2.444234621
2.048551651,4.273753006
4.499029487,2.563910666
1.257498018,4.558253279
3.781556366,3.259366373
1.40505238,4.510483941
1.256056713,3.160600296
3.497853002,3.428901776
2.896131386,6.611035929
1.695098092,3.09043534
1.217359517,3.79310607
2.7493117,3.234475892
3.763723572,3.288321017
1.338902055,4.052802954
3.593905407,6.909667955
1.768107042,6.133131414
1.860016817,3.84855698
3.790950064,2.39810214
2.03921222,6.128355909
3.536425028,3.143541932
1.686716711,5.691920271
1.876093145,2.976196569
0.9821998557,3.194538046
4.007005342,6.933989208
2.162723022,2.909581948
3.346748752,3.294251583
3.81659044,3.051252186
1.709231573,5.183186651
1.212910462,3.99225272
4.494619182,1.700537109
1.708361508,3.546395812
2.776288534,6.407386943
1.125712705,4.389761387
1.598726387,5.043929731
1.931667662,2.572833188
2.492634649,3.004416527
1.635343514,6.012217689
4.40254028,1.811239641
3.934727674,3.739379802
3.801657192,3.128000762
1.18848947,4.341260871
2.013945351,2.755665379
4.58828522,2.40346628
1.405851917,3.857358965
1.713284169,3.718946453
0.3507953499,4.471330694
3.991419877,2.218620397
3.67418263,2.413306079
4.003425593,2.337643186
2.055892111,2.918580188
1.600587003,3.863808978
1.062701592,4.004153537
1.729601608,3.448864254
2.441047436,3.229151529
1.600122381,4.824326975
2.80397468,7.150471681
3.163856492,6.544908832
1.214473131,4.062579878
1.932003344,4.526495248
3.468288871,2.532687888
5.042582931,2.45013087
4.436174891,2.577897434
3.496908289,3.23067909
3.337827928,6.272422544
2.733363309,6.542871467
3.02820988,6.633737236
2.055268248,4.488702149
4.580384878,2.450244758
3.061398407,3.155780934
1.858002284,3.495312306
1.458305083,5.178016198
2.835160468,6.918540623
1.162929128,3.993363304
1.813368464,2.528853522
2.844925989,7.053475382
4.076285543,1.798952079
3.660969411,7.046174439
0.7542381761,2.838829563
1.502959734,6.02508705
3.087274959,6.54123038
3.259336991,6.367173132
3.050453024,6.659230323
3.804479335,3.173427412
3.534918105,6.817243821
0.1005159535,4.721169783
1.387216076,4.264400922
4.315756969,1.725192753
3.821903964,7.060080715
1.692287803,2.402132502
-8.449850812,4.429252553
-7.352391204,6.624643347
-8.373399382,7.79202025
-5.915026383,10.27927358
-7.394567299,6.24791857
-7.631437757,7.634958024
-8.277690595,3.915827427
-5.586737037,8.987012884
-6.3699499,5.253327445
-7.20490788,5.521645657
-7.524242669,6.662326814
-6.366103115,5.222116159
-7.151180689,8.226590729
-8.251234311,4.24395575
-7.495562831,6.336753363
-8.362332757,5.544595978
-7.823675665,6.615981712
-7.298533432,6.707329841
-8.227364348,5.343974632
-6.006502686,9.755216305
-4.424452503,8.867784327
-7.14015132,5.623140518
-3.876486475,8.775197342
-7.825180733,4.042891849
-2.342133584,7.269850377
-7.783860178,3.374349531
-7.4277134,8.702287459
-7.590730699,8.992250927
-8.339732485,5.074697346
-8.242899501,4.609394203
-5.05967705,8.788960967
-3.515675891,8.707614386
-7.641846133,7.719066084
-7.781101423,5.338477725
-6.166378785,7.799219954
-1.154897234,5.567941804
-7.039094078,6.696199725
-7.345337422,6.224918018
-7.942246755,7.533757642
-7.410328466,7.239864073
-5.463817345,8.035966357
-2.323091394,6.236095897
-7.556716556,8.903719007
-7.780083274,6.690966544
-5.546930805,8.860951786
-7.14994632,5.119333225
-3.887193131,8.754113559
-2.489760741,8.250617583
-3.238299127,8.751934736
-6.441605406,5.212810517
-7.814648477,7.606908249
-5.303356007,8.800202945
-3.060037852,8.211960091
-7.972996586,5.213208966
-6.183195692,7.909541998
-8.364978696,4.306585838
-7.664643401,9.11012042
-7.246852893,8.280184564
-7.003513469,7.703154333
-5.145496832,8.456902327
-7.797112046,6.724815884
-2.168527316,6.708547122
-7.993926332,7.787511333
-1.331709824,5.214945146
-6.53708348,8.913158667
-2.135595278,7.172483791
-7.250776479,6.632440339
-8.217323114,7.72444234
-2.041583486,6.472100043
-8.158929985,3.930892528
-5.67160842,9.030133476
-6.266351005,9.10028665
-5.599688404,8.860254824
-6.47149214,8.906124747
-7.619576298,8.079390557
-7.99353445,5.232740892
-7.311064505,8.384389302
-1.226807885,5.737066381
-2.302804018,7.309450822
-3.536378566,8.54552307
-7.665535207,7.149679954
-6.641468487,5.207947565
-5.281896163,8.278877489
-7.494259677,8.095434001
-5.653291733,8.902436019
-4.65583931,8.880828526
-7.610753401,6.366185802
-6.346336032,8.733662893
-1.375236721,7.422206305
-4.900929078,8.787792332
-8.140119106,4.559006039
-7.562914229,8.073980388
-7.109465074,6.694018581
-7.192270597,6.197889493
-8.152087615,5.114967458
-6.46864231,8.733865397
-2.538693388,8.262328268
-3.857463842,8.812657132
-8.250941588,4.937074695
-3.415657413,8.415982232
-7.37966053,4.959960955
-3.358668315,8.603565402
-7.373042547,7.092038987
-8.071957893,3.726411869
-2.187403642,6.609462982
-3.965918015,8.948883225
-1.857238594,6.819939539
-2.343684454,8.054798589
-5.915238735,9.221261764
-8.617091419,8.180063656
-7.314915376,5.131162369
-8.438383559,7.894945535
-8.952611158,4.468416039
-1.212084222,5.310387754
-5.339198508,8.975084332
-2.819795872,7.731613677
-3.067794355,8.452387006
-8.162950773,5.291436062
-1.610992072,9.465491851
-7.855047052,7.476095184
-7.837563945,9.344331878
-6.532484788,5.125312577
-2.47336562,6.358867794
-6.321493905,7.923927079
-2.133349842,7.242897509
-2.450742805,8.596353023
-4.259856063,8.943367767
-2.012990561,6.895660365
-8.504445649,8.102564643
-7.599432373,8.535089036
-6.796483227,8.019384873
-1.753322418,6.100547129
-7.723764355,5.244417262
-5.983201642,9.481733226
-5.167407328,8.783018609
-6.549534066,8.728757922
-2.435374023,7.459139879
-3.125134726,8.412471549
-7.365845667,8.374135572
-5.184038772,8.869659069
-7.24029499,6.752900176
-1.74175215,6.986869817
-2.447443007,6.37051546
-8.085458308,7.361478255
-7.547088819,6.667584146
-2.153906716,6.370768833
-2.456748596,7.797700801
-8.826272771,8.100642929
-6.192066691,5.023578315
-2.32809686,6.196295705
-5.962380939,9.293186882
-1.976078986,6.956576178
-8.117598364,5.198497892
-7.98863413,3.622261638
-1.878173335,6.945439583
-8.189464787,9.687898017
-8.068297398,4.441566798
-8.341397854,9.748853683
-1.618732049,7.041061189
-6.2766657,9.178222496
-8.507957189,9.79785254
-7.334301952,5.0920451
-4.724200955,8.699067951
-8.159693925,5.062111861
-2.21625099,7.401301169
-6.732666391,8.226437774
-1.997542952,6.913078499
-8.024143672,5.15942769
-6.622603227,5.296560092
-2.682639436,8.556573951
-6.549993716,5.267373076
-2.693806518,7.354658347
-9.028271994,4.361810936
-1.587062442,7.148106347
-1.384433167,5.815749363
-5.406721542,8.291510566
-2.669357713,7.668226677
-3.066251757,8.546834925
-2.68066747,7.854275895
-8.046560886,3.996048494
-7.7881648,7.553294493
-7.485377357,6.141669215
-5.568169947,9.060171416
-7.795152672,8.405012144
-6.573872512,8.759066056
-7.280828696,7.09356004
-7.595802347,5.25038768
-6.194200284,9.091712712
-7.655070837,7.746851101
-8.281410767,7.669363752
-7.246170055,8.394037639
-2.803470886,7.943526449
-3.555762773,8.778081915
-1.709512507,6.251545926
-7.533373076,7.81938275
-5.108109633,8.697593418
-2.243424222,6.363106192
-2.849844304,8.526347764
-2.354869323,6.223020607
-5.976615082,9.377437218
-7.838176445,7.57361088
-6.95184119,8.356403712
-4.568183488,9.301472801
-2.395922043,6.539494801
-3.081252864,8.471720768
-1.123798776,5.662717355
-5.794524171,9.058043331
-2.679069406,7.544246401
-7.59045039,6.476148746
-8.046887564,7.508816431
-4.496665342,8.615088615
-5.789441109,9.140861173
-2.735796937,7.529639306
-7.706551668,7.239870807
-6.284758456,9.291505826
-7.09901758,8.273083284
-8.19098268,4.537617956
-7.057592562,7.973019768
-7.10892519,5.963995968
-7.275766962,5.183997316
-6.891540617,5.560798439
-7.706470514,7.903158057
-4.103840816,8.880002901
-6.353205981,8.889448666
-5.922650704,7.889227826
-1.852279453,6.121600411
-2.973148058,8.455712171
-7.490618721,5.220652434
-2.500749681,7.596540765
-4.932737486,8.896651535
-1.834418317,6.920904132
-7.102532926,8.095322814
-8.166540101,5.117047277
-5.300020806,8.860972728
-7.984465158,7.710872725
-1.49975191,5.558511221
-8.284558242,7.802241041
-3.344467694,8.649707234
-8.477401241,4.440737057
-2.025420999,6.077740374
-7.502920783,7.148735229
-7.641223129,5.089719007
-4.018864635,8.829742568
-5.348498142,8.952518388
-7.326313717,6.987446475
-2.158687458,7.376425483
-7.92121373,7.796487834
-2.33039855,7.974908134
-6.044620733,7.995730053
-3.625077269,8.67760572
-1.883949923,6.834743758
-5.712728826,9.229245619
-2.036891116,7.045115017
-7.507283557,8.009324954
-5.861693979,9.200085148
-7.770959135,8.026714236
-6.596719027,5.151132966
-6.343983163,8.636190694
-4.15778369,8.705199732
-6.240610383,7.985259242
-6.092656005,9.900277433
-6.99215943,5.059802321
-4.43197812,8.554782066
-8.326482353,7.763455362
-1.003539841,6.104542338
-6.655223738,8.283444714
-7.714981102,6.766133944
-7.00421678,4.887708262
-1.54455642,6.125891556
-8.027126882,7.664068587
-6.440474518,7.997667257
-7.155348841,5.465494367
-6.979785576,8.252133564
-6.298441588,9.008451956
-2.658636773,7.592869518
-2.328878894,6.618478572
-7.533843314,8.009463939
-6.583282865,5.184558554
-8.370483902,5.558136983
-4.049248932,8.914701446
-7.860608943,7.714729528
-7.575048298,8.783702744
-1.903783307,6.959800271
-8.262797392,4.903091612
-2.487271576,7.198747402
-7.810280306,3.296141943
-2.1397303,7.052383542
-2.109112998,6.16367457
-3.196031908,8.49464338
-7.689160871,6.80676208
-2.5946376,8.472119339
-1.201433599,5.383947207
-7.77171654,7.576572481
-8.860252608,4.556883989
-2.763711178,7.681102118
-7.557761022,8.466833983
-6.171296519,9.345839599
-4.928140563,8.739346346
-7.617175044,7.109381757
-7.260099515,5.446985602
-5.428121789,8.172989474
-7.472746651,7.21366636
-7.56905675,8.009648207
-7.80175972,3.157291485
-1.549628615,7.077914619
-4.477331828,9.140920237
-8.137701033,9.43144858
-5.488566396,9.138317253
-7.537602265,6.708808718
-9.234935328,4.261685499
-7.813623024,7.490625494
-4.982301546,8.812340777
-5.069100703,8.548799288
-2.376931222,6.523374978
-8.421199731,5.50916041
-8.20970711,5.232803521
-2.30981103,6.20381956
-8.170620005,5.496415826
-1.25405782,5.952072749
-7.389558524,5.087324794
-6.282142167,5.12581174
-7.15576586,6.590106028
-8.382615071,4.955434377
-8.056107177,3.016511592
-8.0761847,4.022737331
-6.2573806,9.234334303
-7.748073025,7.97869272
-7.961396451,7.604155647
-8.268514629,4.326725256
-6.717473567,8.163203153
-8.047824984,7.344388114
-2.634196108,7.411304875
-7.772816188,7.378087824
-3.5881087,8.933967697
-7.968963048,4.432534054
-6.337852243,9.043513832
-1.375511008,5.848469711
-7.195536191,6.919926582
-6.393134576,8.981374745
-5.804552195,8.946574533
-7.53367336,8.041941948
-3.600904758,8.856761227
-8.349433843,7.736829827
-8.368688018,7.882353901
-8.307805997,4.575274489
-2.230688577,7.739865674
-3.329596,8.5946181
-7.448161819,4.944447627
-2.971684996,8.545290386
-7.7083756,5.154676267
-2.008051248,5.955797594
-8.165300553,4.525027274
-8.364946183,4.151871656
-1.829223225,6.216993366
-2.501590484,7.899496897
-6.708533856,5.533997182
-6.560481154,5.311368486
-7.22876706,6.738167595
-2.650222257,7.947853718
-7.461406461,6.730708535
-6.581566859,8.380659612
-8.189061405,7.659677413
-7.645858698,6.77613055
-2.920954419,8.18335233
-8.269407496,4.555323922
-7.104953301,8.360215892
-1.248949694,5.201996357
-7.987611587,3.332218283
-7.665249166,6.979638633
-8.259148173,7.531840113
-1.511614139,6.225003342
-2.249210464,6.795555539
-7.06024977,8.303805726
-5.933710965,9.311978172
-2.518890535,7.36142044
-4.78918739,8.856331256
-8.109735756,3.698136877
-7.151855434,6.197293894
-1.27208399,5.708350429
-8.001120496,2.838894755
-6.957487819,5.647068566
-1.52729713,5.461724968
-1.3473908,5.699813996
-2.226263752,8.828494799
-6.009834883,9.754214871
-5.787023271,9.214080676
-7.4576078,7.127677842
-6.273999227,9.035925941
-6.578621674,8.989099423
-4.173104814,8.806388968
-1.692649886,6.076298565
-7.064936875,5.134112036
-7.782235937,5.249244699
-5.628406118,9.115165683
-2.626404727,7.443435613
-6.661255287,8.231691175
-2.132007309,6.465521121
-8.122078866,5.167363264
-7.272684743,7.022773172
-7.59964652,7.304568023
-8.313976227,4.54882438
-2.162087187,7.368558346
-5.688563654,8.984142824
-8.404012897,5.613836683
-8.258898597,4.831815037
-4.269985224,8.657113192
-7.251547374,5.48637878
-8.155526075,5.193582802
-7.679310531,6.869027702
-8.435876263,5.870893556
-7.042319505,5.627587755
-7.93712738,9.240585819
-1.928735069,6.03673571
-7.688969244,7.903611441
-5.360607184,8.960680563
-7.526135063,6.606337575
-1.97418562,6.91412014
-8.469885458,4.591130986
-1.886320956,9.187627468
-8.550080683,4.650087715
-1.729803362,6.25951713
-2.933410054,8.478476421
-2.207715583,6.710089767
-1.753892669,7.003924371
-8.334817202,7.770640089
-7.385922675,7.899296291
-5.952970281,10.1584865
-6.912685172,8.313791307
-3.2838571,8.739818529
-5.841752071,10.66326638
-1.168564794,6.087136159
-2.165815448,7.281120597
-7.502223627,8.124955781
-4.510898884,8.800366231
-7.300893556,7.824537426
-2.517002348,7.438812889
-7.730931836,9.241998748
-1.843420731,6.844871179
-7.987210286,7.560108559
-1.34222434,6.053057086
-2.251729628,7.36933609
-7.757397214,8.449765193
-7.962174735,5.265715704
-7.38026013,8.451145697
-7.702049554,8.253508173
-6.077074909,4.939521193
-4.509906429,9.033783261
-7.046250107,5.644704062
-6.369698626,9.266267415
-4.421913218,8.632191823
-2.44416595,8.110999555
-5.196957205,8.397969179
-7.628938205,3.329999421
-7.116550246,8.351025627
-3.304083622,8.736762748
-4.681625341,8.937953482
-7.741750704,5.273923554
-4.715873685,8.853729193
-7.760607701,4.035916183
-7.694553907,8.436144666
-2.25617592,6.211175175
-6.652671364,8.115007251
-1.178188251,5.587361809
-7.118494955,8.073513329
-7.055066231,8.195156279
-2.434773387,7.245772505
-6.070228578,9.909375989
-7.406780894,8.741861222
-1.306268664,6.030297705
-8.317001397,7.402342875
-7.486127276,7.066307333
-1.739632095,6.060312354
-7.3698791,6.172389549
-5.851920856,10.42075242
-6.789275913,8.124384013
-2.491047004,8.453582136
-7.534703869,7.796341722
-8.078508023,9.629108082
-7.459117058,4.992822028
-2.442597555,6.359731602
-7.584696486,6.301079949
-4.07832916,8.865058489
-5.420337543,8.171583945
-5.446078379,9.095036675
-5.225742015,8.306155348
-4.945178743,8.754755124
-2.635893355,8.449511482
-8.34141394,4.606812552
-5.771826861,10.45300908
-8.329500558,5.58280732
-1.16255325,5.369422836
-7.680517243,7.980442808
-5.075894441,8.645128749
-8.07352246,9.675415362
-7.679411509,7.937759939
-4.566738355,9.306760673
-4.406513794,8.744514099
-3.364596821,8.584302011
-2.245554601,6.7115793
-7.319792751,4.973222282
-8.266975412,4.56574961
-2.171638686,6.629508085
-6.431975248,8.778507348
-7.84201188,3.266806687
-2.560585417,7.606819125
-7.27887847,6.64972701
-7.471727135,7.955679257
-5.970819763,10.03865958
-2.120507009,7.319604299
-2.330191473,8.680286085
-4.477164506,8.797503596
-8.041212339,4.528019038
-2.455651863,8.063006111
-7.60932905,8.857080242
-2.530380303,8.080890311
-8.184960768,7.564213544
-5.150835164,8.442731857
-7.291732001,6.973954073
-2.525769897,8.316328581
-3.437978715,8.60688604
-7.330797747,7.192279082
-4.932352232,8.797272068
-7.729053663,6.719846266
-9.242910064,4.096615504
-7.690152407,8.095253066
-6.904224547,7.663910097
-7.884459596,5.249698299
-4.447192501,9.274089756
-0.8337542596,5.938426828
-2.677522644,7.421811124
-7.642188402,6.799331096
-5.721269071,11.05941679
-7.768355693,8.399204222
-5.108912387,8.443120152
-6.603710693,8.118609072
-6.333654305,9.197808943
-2.246957749,6.781291413
-6.799514966,8.314952134
-8.129294781,2.662506499
-4.487380729,8.962960385
-7.659937624,8.847418971
-2.269665486,6.243959952
-4.738929982,8.668893529
-8.160843563,5.234615646
-7.673624883,6.736878963
-6.471309481,8.776107824
-7.079386697,6.660279195
-6.192793807,7.866019321
-8.764452469,4.556063465
-7.646420169,8.339980258
-1.369660928,6.192867971
-1.204107259,7.491685994
-7.550793358,4.931217086
-2.381582891,7.830811816
-7.948179592,4.498872338
-7.60122854,6.477074542
-7.303059169,8.33054563
-1.962004092,5.939966665
-1.789869377,6.154787167
-7.583742098,7.79917405
-7.461869039,8.522035567
-4.416712923,8.619515982
-5.590626383,9.131457449
-5.881203378,9.039864743
-2.502516517,6.423744949
-2.027073543,7.01566446
-7.192861036,6.157824452
-7.142654735,5.523966409
-2.469058394,7.490428266
-2.315644985,7.353885938
-2.558026753,7.998295998
-6.724751904,8.014461116
-7.011077767,4.898157514
-8.420845854,7.812532012
-3.185257224,8.724378324
-7.122560234,6.166858518
-8.02778823,7.750361476
-7.361296776,7.040553777
-1.96458568,5.932457643
-6.2411515,7.769651965
-7.464144912,8.633412188
-8.347440616,4.222581694
-7.708205803,6.730334313
-5.196098774,8.798227519
-5.189749848,8.740869685
-8.317332443,4.810560023
-7.882385644,5.219145088
-1.534786207,6.122644182
-7.518276266,8.58463679
-7.138753206,5.404354703
-7.129810833,8.243525763
-7.856751064,7.860799689
-6.95712864,6.527208844
-5.824995705,9.043093896
-7.744794529,6.751135542
-5.757149107,10.70576378
-8.408102858,5.636760954
-5.168700064,8.800279514
-1.417235642,7.412503693
-5.056098667,8.758733907
-8.334665036,5.877582161
-5.176457757,8.452384459
-8.107451386,3.111262224
-7.588654508,7.00617782
-4.401883872,8.332151415
-8.348165731,5.647454447
-7.282151335,6.581435961
-7.125964326,5.534262051
-8.225302105,4.747246215
-4.925301122,8.748758443
-7.89585866,3.325052067
-8.259414662,2.757059407
-4.95485385,8.903323599
-1.336365092,5.837795433
-5.295436973,8.799768328
-9.178076445,4.224635432
-7.011816615,6.588553199
-1.413575134,5.529996697
-8.300969512,5.495802496
-7.04745189,5.962062497
-7.765833188,8.08214279
-8.764861398,4.508319012
-8.474937876,4.651802669
-7.306918221,7.087608008
-0.8070171457,6.062032592
-7.192316767,7.786238327
-4.013051835,8.976493633
-6.118700273,7.895318735
-1.306280885,5.179009771
-5.657747347,8.997056586
-7.042987509,8.282022952
-7.2857065,7.763138376
-1.145789439,5.578865066
-2.376133562,6.274700798
-7.634304808,7.92513514
-6.117484823,8.049486326
-6.096028415,4.73166803
-6.806365171,5.509121769
-6.656546655,8.167685278
-7.774119047,5.192360849
-2.241259822,6.786064633
-2.581691927,7.925557618
-8.236651278,5.039563118
-5.643559918,8.963200908
-7.657321588,7.038911168
-7.490659641,8.735582816
-7.572766268,7.642218623
-7.128301657,5.389622166
-7.436578283,6.644324115
-7.168693295,6.96772029
-5.848046168,9.184551081
-7.292258823,6.200119316
-2.441222344,8.362660033
-7.755452102,7.392354517
-2.795254558,7.844744912
-7.747942048,7.935984599
-6.427801085,8.594788975
-2.460998448,7.330766953
-7.632492364,8.816458382
-5.802464965,9.200514023
-5.82919304,9.109302276
-6.562345906,5.05102608
-4.378586413,8.649966749
-3.492111213,8.76396556
-7.173982695,6.804788128
-2.095501602,6.776264071
-7.214318836,5.478296576
-2.093873186,6.424035115
-5.42913586,9.035707162
-7.038256105,5.022977376
-6.640171145,5.370258526
-6.04269116,9.74434049
-6.48655269,8.940798077
-7.707471719,7.582244599
-2.055579964,9.097901379
-6.349379073,8.783546
-7.338648334,5.142924457
-5.516024296,9.219225372
-7.698655001,7.992863426
-7.423115312,8.556954856
-6.024334584,10.05547066
-5.787476565,9.157715566
-7.486282696,8.645121949
-2.191085826,6.411215882
-3.574877872,8.732371201
-1.187971681,5.301380132
-8.172672972,4.574965595
-3.233045221,8.717158611
-2.281228019,7.315685906
-6.972801239,4.923289912
-7.653595985,3.413032992
-8.201560251,2.598718474
-5.200544132,8.254283037
-8.335286038,4.553795491
-5.347243141,8.980506867
-5.91472605,7.984979653
-2.503370022,7.614959066
-3.155825909,8.728824747
-7.366141253,7.808398407
-7.773304618,5.234593025
-7.683438305,7.02986202
-8.263087675,7.627374297
-8.15854409,5.172610878
-2.076211949,6.207345166
-2.272683317,7.39259298
-5.45120268,10.7249467
-1.314194622,5.103675166
-7.658655952,8.13709758
-7.737142106,3.217029278
-9.105829085,4.027193063
-3.320873385,8.905594944
-6.720502574,5.581068377
-2.748776318,7.580045512
-7.438471742,7.252942529
-7.545893658,6.193391776
-1.233641938,5.984326124
-2.597715183,8.171469748
-6.591274375,5.483256249
-5.432675153,8.103254498
-8.427640367,5.74626888
-3.44937957,8.675386775
-1.645101819,7.117153469
-6.447022815,8.633703433
-7.650659831,7.292358925
-5.797117931,10.396308
-7.503660821,6.356987015
-1.347075926,5.150141987
-3.126411339,8.290930936
-7.76775142,3.969787499
-3.322963774,8.818182917
-2.636124572,7.317428614
-7.09317539,7.775801975
-5.828336903,9.603592799
-8.008789337,9.346888027
-8.454410231,4.133193676
-8.406955005,4.683433339
-2.807275274,7.632731428
-7.160039147,5.367106974
-4.504600775,8.874585556
-8.99720343,8.132701369
-4.641148177,8.95622475
-2.17496502,7.169515412
-8.447573405,4.592989016
-2.131698327,7.120798361
-7.099756329,7.713285567
-3.110921521,8.303949832
-5.404316137,8.805743896
-9.363043954,3.858938857
-1.702137307,9.261717647
-2.006465078,6.063459147
-7.758439854,7.375534192
-6.322250979,9.273551697
-4.157443911,8.930438526
-2.475845411,7.97862815
-2.212049154,6.267666666
-8.229456577,4.437140345
-8.270080626,5.531752137
-1.584102314,7.020329777
-2.304238451,6.632510271
-6.973544861,6.622672145
-8.226284625,5.431631259
-5.19178371,8.260849239
-3.424211728,8.735571662
-2.26571801,6.564866235
-7.63284621,7.273390138
-6.524102536,8.883273134
-5.793603137,9.105153926
-8.471616222,7.85045812
-7.487721365,8.099101489
-7.888520026,5.18386805
-2.304633751,6.191236803
-6.752695935,8.252958942
-8.33468067,4.858253409
-5.988470084,10.16963837
-5.613087641,9.079642954
-2.91779288,7.618737546
-2.387825449,7.363675952
-2.067359178,5.845349509
-7.185263077,8.122379896
-5.5583901,10.78829903
-7.529506628,7.022523411
-7.445652236,8.50403802
-7.256378162,5.28519304
-1.996098063,6.880678926
-8.023458227,3.480376176
-2.107621152,6.807158188
-5.972969198,10.29747566
-2.114320329,6.802319694
-2.174127262,7.202033686
-5.834622981,9.062717238
-2.604819333,8.481890661
-8.378361022,4.216126244
-7.890875513,5.218568795
-1.319987138,5.656606962
-7.559877171,6.786309566
-6.177199925,4.851303387
-1.737276427,6.18087233
-7.455667138,7.888672268
-2.570250997,7.67475819
-7.393671555,5.135472514
-5.582659574,8.83593469
-8.441972291,4.525728348
-7.792667766,5.222789701
-8.003791793,7.867424803
-4.729259174,8.88338267
-9.186414846,8.168188407
-2.17169406,7.169762034
-1.372762836,5.623134463
-9.38239329,4.277382611
-7.592236355,6.58176184
-7.074735815,8.242442788
-5.310692808,8.338158204
-7.892249482,9.425451533
-8.193132996,4.794005903
-8.983375976,8.20642722
-2.508317333,8.485097748
-7.669123134,8.09052658
-7.292860405,6.159298144
-5.20135145,8.868362456
-1.492210016,5.253002895
-5.705208979,10.60236241
-2.490405305,7.275229247
-7.620949698,8.703204754
-8.203742464,4.489591286
-7.051378462,5.837219972
-6.501086622,8.011127985
-7.440519193,6.156332019
-7.81035047,5.170275017
-7.431426172,7.194464329
-7.614948732,8.517615128
-6.328264382,9.286109125
-7.150179873,8.393461935
-7.106480323,6.041728742
-2.128830516,8.982283012
-3.470574189,8.520650272
-7.358147111,8.322355299
-6.449851443,5.279715591
-1.981523114,6.136007416
-8.379224655,4.788047046
-2.344662768,7.746999012
-4.569259644,8.88718449
-7.904952457,3.208619284
-6.356579886,9.337900789
-7.836907032,7.505158386
-7.501810323,5.181063951
-8.051767879,7.435666225
-5.966047263,9.620603853
-2.07924736,6.78800373
-3.279376202,8.710159021
-8.28759569,4.790102127
-8.675365593,4.651160775
-4.339775772,8.601373086
-2.630801516,7.339380267
-2.41059765,7.291430732
-6.322974495,7.803550862
-7.604107499,7.050776644
-7.548628417,4.921668629
-7.338828544,6.567891208
-8.305454597,2.716420406
-7.185241135,5.117222299
-5.276825762,8.428057443
-4.986750266,8.79759429
-7.050000727,4.857646488
-7.54724024,6.663104115
-7.732163328,8.126874776
-5.669539355,10.85399296
-3.191086829,8.762965059
-7.153239882,5.021087846
-5.859917659,8.901083925
-1.901303356,6.90419092
-2.689540601,7.584911915
-5.497867719,9.214702243
-6.314956558,7.98401029
-6.909394882,7.993017649
-3.181669648,8.356676999
-3.154715244,8.442444588
-7.725690795,8.011377362
-4.973868767,8.68878261
-4.840283805,8.923666287
-4.77801812,8.71057191
-5.626109268,8.805511442
-7.05991135,5.050084946
-7.219111599,5.610521451
-4.451961046,8.909389737
-6.856404047,5.496398463
-8.58037962,8.001348033
-4.430973729,8.447821767
-2.196282274,6.229347147
-8.082785301,7.267403789
-7.438442337,6.149978259
-5.82407581,9.144898186
-7.894809243,7.622268728
-1.432350499,5.238809028
-8.208998671,4.339150782
-7.786039757,8.004692091
-2.562901668,8.414206296
-7.830776002,3.97659589
-6.871954651,5.590317923
-6.96329628,5.758391592
-7.459914185,7.815139945
-6.288416064,7.949009265
-1.886741118,6.186408044
-8.294798364,7.613536587
-2.513524639,8.151321053
-1.216527336,5.224939381
-2.562672247,7.675836406
-2.137533293,7.198187762
-5.819887578,8.977832748
-5.802342007,7.975678475
-8.340304765,4.033843849
-8.219629074,3.863518347
-6.42939798,8.736259436
-8.342977432,4.666474563
-3.845055869,8.759236418
-3.557951369,8.881405586
-8.381310332,7.822719874
-1.435370359,5.226073434
-7.514777014,8.117914299
-5.533397738,9.149485544
-8.08647085,3.865612276
-2.417337392,7.386709085
-3.342092386,8.900674567
-7.329690788,7.84985638
-2.73458059,8.502451189
-7.348695386,8.525259912
-7.401807417,5.195545618
-5.828054305,9.229640053
-2.06474288,6.927019376
-7.804464134,7.416606748
-2.147359638,6.294283699
-7.681160982,8.018409841
-7.621344436,7.72882418
-6.979362339,8.281093084
-2.194094612,9.023631383
-6.017132494,9.778497138
-7.751740323,8.891286241
-2.460050746,6.473774023
-7.676999009,7.135922729
-5.673498224,8.950655078
-5.639608249,9.093117276
-6.071887583,9.371420517
-3.80225573,8.825480262
-3.989574043,8.879744637
-7.404123371,6.690055879
-7.770451074,7.307913924
-7.04413039,8.203822638
-7.188140162,5.165694205
-7.811853714,7.494980898
-5.767727167,9.003422816
-1.467947846,5.654629668
-7.707348155,7.937036217
-8.464435803,4.394264297
-3.415143269,8.681084861
-2.107347916,7.054825093
-7.197374095,5.388442759
-2.087570537,6.995497314
-8.552482191,4.369700228
-8.012801239,7.469157731
-7.374508497,6.600274437
-1.282669223,5.249647732
-7.670968614,5.193347411
-8.230629114,7.46648544
-8.142263786,3.742323592
-1.855244087,6.818834124
-4.763957751,8.800438901
-7.386595284,4.990582339
-7.817776961,4.111427815
-2.655694577,7.550265319
-7.773625581,7.441944342
-2.419081117,7.960160088
-5.543435274,8.050342223
-8.676186572,4.555307471
-8.318816698,5.051019723
-8.073592166,5.192165076
-2.847520696,7.939862528
-7.196731087,5.966757656
-2.144814046,7.119809468
-2.169434023,7.246689856
-5.646458204,9.157027505
-1.552246926,5.386321536
-3.149548757,8.447543416
-8.186755756,4.48126354
-5.80982789,7.885228226
-7.928994445,3.886984861
-5.526149855,9.126477759
-7.02045121,5.095217363
-5.571513123,8.896059615
-7.626802543,8.876791829
-6.817889756,5.554446253
-2.137224142,7.044865619
-7.653474463,8.203854768
-6.684268352,9.047776078
-7.248490921,6.643376002
-6.980205065,5.127368534
-6.271124386,8.912919682
-1.55853125,6.051203665
-3.064517967,8.65298889
-6.483162604,8.091837769
-8.312935364,4.920583431
-3.021373457,8.244456776
-7.239784576,5.44257529
-3.743427018,8.69357403
-7.792978849,7.911012083
-7.625539372,9.294974106
-1.445158095,5.434546469
-7.841556374,7.467674875
-7.049217613,5.756102767
-7.326791439,5.004125977
-4.503300722,8.564055509
-6.385406666,9.091221958
-9.228233982,3.730588999
-6.965127992,8.26560224
-2.465716212,7.187333976
-5.803445541,9.294534881
-4.73349887,8.703606538
-8.38972815,7.754249609
-7.639835361,6.98844423
-3.270957449,8.830242427
-9.079127384,3.889910219
-6.269148801,4.955663074
-7.214215782,5.040856246
-5.86516064,9.191319747
-8.099800053,7.663511621
-8.153340391,3.722494109
-6.552529852,8.776204926
-6.704695393,8.289210324
-5.822787364,10.47573961
-8.544652592,4.584904774
-8.312113421,5.099094832
-8.363333782,4.589679527
-7.84711634,7.629850086
-6.507218217,8.484846364
-6.395155707,9.319427899
-7.108038237,8.216051519
-7.311150416,7.106158979
-5.063526593,8.659667536
-1.343280321,7.283879198
-2.186591396,6.630096698
-6.279346619,9.101830967
-5.451068105,8.106575541
-8.171426322,5.430955534
-7.998217321,3.047881396
-7.919845946,3.984113245
-7.116050573,5.518190725
-2.564362364,6.317980724
-2.270015779,7.276886864
-2.078334032,6.850541648
-5.485781786,7.914320587
-8.084546392,3.743231205
-7.311204464,6.15956848
-7.014979359,8.031243696
-4.558928651,8.94020408
-1.686189027,7.194195609
-6.392945725,9.1665912
-8.477362896,7.924063594
-1.481578272,7.204361924
-9.159193597,4.377922542
-1.340810226,5.975728328
-8.201781429,9.573497666
-3.276082172,9.031626383
-2.206364599,6.74440922
-2.436210475,6.453537881
-2.035818496,6.821840442
-7.145498542,5.044966114
-1.708470145,6.122793054
-5.493336924,10.89836416
-5.945125975,8.878817519
-9.224902658,4.00403309
-1.28982595,5.73632397
-8.689660679,8.083332056
